,제휴사,대분류코드,중분류코드,소분류코드,중분류명,소분류명,간략분류
0,B,01,0101,B010101,열매채소,가지,농산물
1,B,01,0101,B010102,열매채소,고추,농산물
2,B,01,0101,B010103,열매채소,구색 호박,농산물
3,B,01,0101,B010104,열매채소,기타열매채소,농산물
4,B,01,0101,B010105,열매채소,단호박,농산물
5,B,01,0101,B010106,열매채소,애호박,농산물
6,B,01,0101,B010107,열매채소,여주,농산물
7,B,01,0101,B010108,열매채소,오이,농산물
8,B,01,0101,B010109,열매채소,옥수수,농산물
9,B,01,0101,B010110,열매채소,친환경열매채소,농산물
10,B,01,0101,B010111,열매채소,콩류,농산물
11,B,01,0101,B010112,열매채소,피망,농산물
12,B,01,0102,B010201,버섯,건버섯,농산물
13,B,01,0102,B010202,버섯,느타리버섯,농산물
14,B,01,0102,B010203,버섯,버섯모둠,농산물
15,B,01,0102,B010204,버섯,버섯선물세트,농산물
16,B,01,0102,B010205,버섯,새송이버섯,농산물
17,B,01,0102,B010206,버섯,양송이버섯,농산물
18,B,01,0102,B010207,버섯,이색버섯,농산물
19,B,01,0102,B010208,버섯,팽이버섯,농산물
20,B,01,0102,B010209,버섯,표고버섯,농산물
21,B,01,0103,B010301,온라인버섯/열매채소,온라인열매채소,농산물
22,B,02,0201,B020101,조리반찬,나물/부침,가공식품
23,B,02,0201,B020102,조리반찬,반찬류,가공식품
24,B,02,0201,B020103,조리반찬,젓갈류,가공식품
25,B,02,0201,B020104,조리반찬,즉석김치류,가공식품
26,B,02,0201,B020105,조리반찬,즉석국탕/볶음,가공식품
27,B,02,0202,B020201,시즌반찬,제철반찬,가공식품
28,B,02,0202,B020202,시즌반찬,김장김치,가공식품
29,B,03,0301,B030101,포장젓갈,저염젓갈,가공식품
30,B,03,0301,B030102,포장젓갈,일반젓갈,가공식품
31,B,03,0302,B030201,포장반찬,절임반찬,가공식품
32,B,03,0302,B030202,포장반찬,조림반찬,가공식품
33,B,03,0302,B030203,포장반찬,메인요리,가공식품
34,B,03,0302,B030204,포장반찬,볶음/무침반찬,가공식품
35,B,04,0401,B040101,양곡,일반미,농산물
36,B,04,0401,B040102,양곡,기능성미,농산물
37,B,04,0401,B040103,양곡,친환경양곡,농산물
38,B,04,0402,B040201,잡곡류,미곡류,농산물
39,B,04,0402,B040202,잡곡류,콩류,농산물
40,B,04,0402,B040203,잡곡류,보리류,농산물
41,B,04,0402,B040204,잡곡류,잡곡기타,농산물
42,B,04,0402,B040205,잡곡류,혼합잡곡,농산물
43,B,04,0402,B040206,잡곡류,친환경잡곡,농산물
44,B,04,0402,B040207,잡곡류,벌크잡곡,농산물
45,B,04,0403,B040301,즉석도정미,즉석도정미,농산물
46,B,04,0403,B040302,즉석도정미,친환경도정미,농산물
47,B,04,0404,B040401,가공양곡,양곡가공,농산물
48,B,05,0501,B050101,잎채소,시금치,농산물
49,B,05,0501,B050102,잎채소,상추,농산물
50,B,05,0501,B050103,잎채소,미나리,농산물
51,B,05,0501,B050104,잎채소,부추,농산물
52,B,05,0501,B050105,잎채소,쑥갓,농산물
53,B,05,0501,B050106,잎채소,깻잎,농산물
54,B,05,0501,B050107,잎채소,얼갈이,농산물
55,B,05,0501,B050108,잎채소,아욱,농산물
56,B,05,0501,B050109,잎채소,근대,농산물
57,B,05,0501,B050110,잎채소,양배추,농산물
58,B,05,0501,B050111,잎채소,기타잎채소,농산물
59,B,05,0501,B050112,잎채소,쌈채소,농산물
60,B,05,0501,B050113,잎채소,봄동,농산물
61,B,05,0501,B050114,잎채소,죽순,농산물
62,B,05,0501,B050115,잎채소,고구마순,농산물
63,B,05,0501,B050116,잎채소,생나물,농산물
64,B,05,0501,B050117,잎채소,친환경채소(특약),농산물
65,B,05,0501,B050118,잎채소,친환경잎채소,농산물
66,B,05,0501,B050119,잎채소,온라인 잎채소,농산물
67,B,05,0502,B050201,뿌리채소,감자,농산물
68,B,05,0502,B050202,뿌리채소,고구마,농산물
69,B,05,0502,B050203,뿌리채소,당근,농산물
70,B,05,0502,B050204,뿌리채소,연근,농산물
71,B,05,0502,B050205,뿌리채소,우엉,농산물
72,B,05,0502,B050206,뿌리채소,마,농산물
73,B,05,0502,B050207,뿌리채소,기타뿌리채소,농산물
74,B,05,0503,B050301,열매채소,오이,농산물
75,B,05,0503,B050302,열매채소,고추,농산물
76,B,05,0503,B050303,열매채소,피망,농산물
77,B,05,0503,B050304,열매채소,콩류,농산물
78,B,05,0503,B050305,열매채소,옥수수,농산물
79,B,05,0503,B050306,열매채소,가지,농산물
80,B,05,0503,B050307,열매채소,기타과채류,농산물
81,B,05,0503,B050308,열매채소,애호박,농산물
82,B,05,0503,B050309,열매채소,단호박,농산물
83,B,05,0503,B050310,열매채소,기타호박,농산물
84,B,05,0503,B050311,열매채소,다다기오이,농산물
85,B,05,0503,B050312,열매채소,취청오이,농산물
86,B,05,0503,B050313,열매채소,가시오이,농산물
87,B,05,0503,B050314,열매채소,기타오이,농산물
88,B,05,0504,B050401,버섯류,건버섯,농산물
89,B,05,0504,B050402,버섯류,버섯모둠,농산물
90,B,05,0504,B050403,버섯류,친환경팽이버섯,농산물
91,B,05,0504,B050404,버섯류,표고버섯,농산물
92,B,05,0504,B050405,버섯류,일반느타리버섯,농산물
93,B,05,0504,B050406,버섯류,양송이버섯,농산물
94,B,05,0504,B050407,버섯류,새송이버섯,농산물
95,B,05,0504,B050408,버섯류,기타버섯,농산물
96,B,05,0504,B050409,버섯류,친환경참맛느타리,농산물
97,B,05,0504,B050410,버섯류,버섯류 선물세트,농산물
98,B,05,0505,B050501,샐러드채소,파프리카,농산물
99,B,05,0505,B050502,샐러드채소,양상추,농산물
100,B,05,0505,B050503,샐러드채소,브로콜리,농산물
101,B,05,0505,B050504,샐러드채소,구색양채,농산물
102,B,05,0505,B050505,샐러드채소,기타양채,농산물
103,B,05,0505,B050506,샐러드채소,즙용양채,농산물
104,B,05,0505,B050507,샐러드채소,아스파라거스,농산물
105,B,05,0505,B050508,샐러드채소,샐러드채소,농산물
106,B,05,0505,B050509,샐러드채소,구색샐러드채소,농산물
107,B,05,0505,B050510,샐러드채소,즙용샐러드채소,농산물
108,B,05,0505,B050511,샐러드채소,친환경샐러드채소,농산물
109,B,05,0505,B050512,샐러드채소,향신채소,농산물
110,B,05,0506,B050601,약초,인삼,농산물
111,A,01,0102,A010201,육류,우육,육류
112,A,01,0102,A010202,육류,돈육,육류
113,A,01,0102,A010203,육류,계육,육류
114,A,01,0102,A010204,육류,갈비세트,육류
115,A,01,0102,A010205,육류,정육세트,육류
116,A,01,0102,A010206,육류,수입육,육류
117,A,01,0102,A010207,육류,양념육,육류
118,A,01,0103,A010301,축산가공,햄,육류
119,A,01,0103,A010302,축산가공,유제품,가공식품
120,A,01,0103,A010303,축산가공,직매입,육류
121,A,01,0103,A010304,축산가공,화과자,가공식품
122,A,01,0103,A010305,축산가공,햄세트,육류
123,A,01,0103,A010306,축산가공,친환경올가,육류
124,A,01,0104,A010401,농산물,청과,농산물
125,A,01,0104,A010402,농산물,채소,농산물
126,A,01,0104,A010403,농산물,유기농채소,농산물
127,A,01,0104,A010404,농산물,농산가공,농산물
128,A,01,0104,A010405,농산물,건과,농산물
129,A,01,0104,A010406,농산물,선식(가루류),농산물
130,A,01,0104,A010407,농산물,곡물,농산물
131,A,01,0104,A010408,농산물,농산단기행사,농산물
132,A,01,0104,A010409,농산물,청과세트,농산물
133,A,01,0104,A010410,농산물,건과세트,농산물
134,A,01,0104,A010411,농산물,곶감/송이세트,농산물
135,A,01,0104,A010412,농산물,수삼/더덕세트,농산물
136,A,01,0104,A010413,농산물,친환경세트,농산물
137,A,01,0104,A010414,농산물,농산단기행사,농산물
138,A,01,0105,A010501,수산품,생선,수산물
139,A,01,0105,A010502,수산품,회,수산물
140,A,01,0105,A010503,수산품,건생선,수산물
141,A,01,0105,A010504,수산품,기타생선,수산물
142,A,01,0105,A010505,수산품,냉동식품,수산물
143,A,01,0105,A010506,수산품,냉동만두류,수산물
144,A,01,0105,A010507,수산품,굴비류,수산물
145,A,01,0105,A010508,수산품,멸치류,수산물
146,A,01,0105,A010509,수산품,안주류,수산물
147,A,01,0105,A010510,수산품,김류,수산물
148,A,01,0105,A010511,수산품,즉석구이김류,수산물
149,A,01,0105,A010512,수산품,건어물류,수산물
150,A,01,0105,A010514,수산품,건어물세트,수산물
151,A,01,0105,A010515,수산품,선어세트,수산물
152,A,01,0105,A010516,수산품,굴비세트,수산물
153,A,01,0105,A010517,수산품,안주세트,수산물
154,A,01,0105,A010518,수산품,기타건생선세트,수산물
155,A,01,0105,A010519,수산품,김세트,수산물
156,A,01,0105,A010520,수산품,멸치세트,수산물
157,A,01,0105,A010521,수산품,수산단기행사,수산물
158,A,01,0106,A010601,가공식품,한식델리,가공식품
159,A,01,0106,A010602,가공식품,일식델리,가공식품
160,A,01,0106,A010603,가공식품,서양델리,가공식품
161,A,01,0106,A010604,가공식품,에스닉푸드,가공식품
162,A,01,0106,A010605,가공식품,중식델리,가공식품
163,A,01,0106,A010606,가공식품,초밥,가공식품
164,A,01,0106,A010607,가공식품,제과제빵,가공식품
165,A,01,0106,A010608,가공식품,일반가공식품,가공식품
166,A,01,0106,A010609,가공식품,특산물행사,가공식품
167,A,01,0106,A010610,가공식품,가공선물세트,가공식품
168,A,01,0106,A010611,가공식품,케익류,가공식품
169,A,01,0106,A010612,가공식품,양과자류,가공식품
170,A,01,0106,A010613,가공식품,전문베이커리,가공식품
171,A,01,0106,A010614,가공식품,떡,가공식품
172,A,01,0106,A010615,가공식품,한과,가공식품
173,A,01,0106,A010616,가공식품,한과(세트행사),가공식품
174,A,01,0106,A010617,가공식품,양과(세트행사),가공식품
175,A,01,0106,A010618,가공식품,반찬장류세트,가공식품
176,A,01,0106,A010619,가공식품,포숑,가공식품
177,A,01,0106,A010620,가공식품,수입단기행사,가공식품
178,A,01,0106,A010621,가공식품,기타베이커리,가공식품
179,A,01,0106,A010622,가공식품,즉석.스넥(매장),가공식품
180,A,01,0106,A010623,가공식품,밥류,가공식품
181,A,01,0106,A010624,가공식품,면류,가공식품
182,A,01,0106,A010625,가공식품,패밀리레스토랑,가공식품
183,A,01,0106,A010626,가공식품,아이스크림,가공식품
184,A,01,0106,A010627,가공식품,커피숍,가공식품
185,A,01,0106,A010628,가공식품,KKD,가공식품
186,A,01,0106,A010629,가공식품,푸드코트,가공식품
187,A,01,0106,A010630,가공식품,브랑제리,가공식품
188,A,01,0106,A010631,가공식품,브랜드샵,가공식품
189,A,01,0106,A010632,가공식품,엔젤리너스,가공식품
190,A,01,0106,A010633,가공식품,롯데리아,가공식품
191,A,01,0106,A010634,가공식품,TGIF,가공식품
192,A,01,0106,A010635,가공식품,음료,가공식품
193,A,01,0106,A010636,가공식품,분식,가공식품
194,A,01,0106,A010637,가공식품,대형테넌트,가공식품
195,A,01,0106,A010638,가공식품,디저트카페,가공식품
196,A,01,0106,A010639,가공식품,양식,가공식품
197,A,01,0106,A010640,가공식품,일식,가공식품
198,A,01,0106,A010641,가공식품,한식,가공식품
199,A,01,0106,A010642,가공식품,중식,가공식품
200,A,01,0106,A010643,가공식품,패스트푸드,가공식품
201,A,01,0106,A010644,가공식품,식당가 한식,가공식품
202,A,01,0106,A010645,가공식품,식당가 중식,가공식품
203,A,01,0106,A010646,가공식품,식당가 일식,가공식품
204,A,01,0106,A010647,가공식품,식당가 양식,가공식품
205,A,01,0106,A010648,가공식품,식당가 커피숍,가공식품
206,A,01,0106,A010649,가공식품,식당가 아이스크림,가공식품
207,A,01,0106,A010650,가공식품,식당가 레스토랑,가공식품
208,A,01,0106,A010652,가공식품,생필(부대),가공식품
209,A,01,0106,A010653,가공식품,스넥(부대),가공식품
210,A,01,0106,A010654,가공식품,지방스넥(부대),가공식품
211,A,01,0106,A010655,가공식품,델리(부대),가공식품
212,A,01,0106,A010656,가공식품,레토르,가공식품
213,A,01,0107,A010701,젓갈/반찬,젓갈세트,가공식품
214,A,01,0107,A010702,젓갈/반찬,규격젓갈,가공식품
215,A,01,0107,A010703,젓갈/반찬,벌크젓갈,가공식품
216,A,01,0107,A010704,젓갈/반찬,규격김치,가공식품
217,A,01,0107,A010705,젓갈/반찬,벌크김치,가공식품
218,A,01,0107,A010706,젓갈/반찬,장류,가공식품
219,A,01,0107,A010707,젓갈/반찬,어묵,가공식품
220,A,01,0107,A010708,젓갈/반찬,가공행사,가공식품
221,A,01,0107,A010710,젓갈/반찬,즉석반찬,가공식품
222,A,01,0108,A010801,건강식품,건강식품(홍삼),가공식품
223,A,01,0108,A010802,건강식품,건강식품,가공식품
224,A,01,0108,A010803,건강식품,건강식품(비타민),가공식품
225,A,01,0109,A010901,주류,주류,주류
226,A,01,0109,A010902,주류,음료,주류
227,A,01,0109,A010903,주류,한차,주류
228,A,01,0109,A010904,주류,공병,주류
229,A,01,0109,A010905,주류,기타음료,주류
230,A,01,0110,A011001,차/커피,디저트류,음료
231,A,01,0110,A011002,차/커피,가공2단기행사,음료
232,A,01,0110,A011003,차/커피,원두커피,음료
233,A,01,0110,A011004,차/커피,수입식품,음료
246,B,09,0902,B090201,베이커리,케익,가공식품
247,B,09,0902,B090202,베이커리,페스츄리,가공식품
248,B,09,0902,B090203,베이커리,식빵,가공식품
249,B,09,0902,B090204,베이커리,과자빵,가공식품
250,B,09,0902,B090205,베이커리,페스츄리류,가공식품
251,B,09,0902,B090206,베이커리,도넛류,가공식품
252,B,09,0902,B090207,베이커리,케익,가공식품
253,B,09,0902,B090208,베이커리,기타,가공식품
254,B,09,0902,B090209,베이커리,온라인 베이커리,가공식품
255,B,09,0903,B090301,구이,꼬치,가공식품
256,B,09,0903,B090302,구이,훈제/로스트,가공식품
257,B,09,0904,B090401,튀김,일반튀김,가공식품
258,B,09,0904,B090402,튀김,치킨,가공식품
259,B,09,0905,B090501,밥류,도시락,가공식품
260,B,09,0905,B090502,밥류,김밥,가공식품
261,B,09,0905,B090503,밥류,초밥,가공식품
262,B,09,0906,B090601,구이찜조리,족발,가공식품
263,B,09,0906,B090602,구이찜조리,순대,가공식품
264,B,09,0906,B090603,구이찜조리,꼬치,가공식품
265,B,09,0906,B090604,구이찜조리,구이,가공식품
266,B,09,0907,B090701,반찬류,포장반찬,가공식품
267,B,09,0907,B090702,반찬류,김치,가공식품
268,B,09,0907,B090703,반찬류,젓갈,가공식품
269,B,09,0907,B090704,반찬류,반찬,가공식품
270,B,09,0908,B090801,대용식,선식,가공식품
271,B,09,0908,B090802,대용식,떡,가공식품
272,B,09,0909,B090901,이벤트조리,지역특산물,가공식품
273,B,09,0909,B090902,이벤트조리,떡/강정,가공식품
274,B,09,0909,B090903,이벤트조리,먹거리,가공식품
275,B,09,0910,B091001,간식조리,전통간식,가공식품
276,B,09,0910,B091002,간식조리,월드간식,가공식품
277,B,09,0911,B091101,간편조리,한식,가공식품
278,B,09,0911,B091102,간편조리,아시안,가공식품
279,B,09,0911,B091103,간편조리,음료,가공식품
280,B,09,0911,B091104,간편조리,양식,가공식품
281,B,09,0912,B091201,튀김조리,후라이드,가공식품
282,B,09,0912,B091202,튀김조리,즉석어묵,가공식품
283,B,09,0912,B091203,튀김조리,치킨,가공식품
284,B,09,0913,B091301,피자,피자,가공식품
285,B,09,0913,B091302,피자,베이크,가공식품
286,B,10,1001,B100101,냉장음료,과일음료,음료
287,B,10,1001,B100102,냉장음료,과채음료,음료
288,B,10,1001,B100103,냉장음료,냉장차음료,음료
289,B,10,1001,B100104,냉장음료,냉장커피음료,음료
290,B,10,1001,B100105,냉장음료,수입냉장음료,음료
291,B,10,1001,B100106,냉장음료,냉장음료,음료
293,B,10,1003,B100301,흰우유,기능성우유,음료
294,B,10,1003,B100302,흰우유,친환경우유,음료
295,B,10,1003,B100303,흰우유,어린이우유,음료
296,B,10,1003,B100304,흰우유,멸균흰우유,음료
297,B,10,1003,B100305,흰우유,일반흰우유,음료
298,B,10,1003,B100306,흰우유,기능성시유,음료
299,B,10,1003,B100307,흰우유,테트라시유,음료
300,B,10,1004,B100401,가공우유,과일맛우유,음료
301,B,10,1004,B100402,가공우유,커피/초코우유,음료
302,B,10,1004,B100403,가공우유,견과우유/냉장두유,음료
303,B,10,1004,B100404,가공우유,멸균가공우유,음료
304,B,10,1004,B100405,가공우유,일반가공유,음료
305,B,10,1004,B100406,가공우유,펫가공유,음료
306,B,10,1004,B100407,가공우유,테트라가공유,음료
307,B,10,1005,B100501,요구르트,마시는요구르트,음료
308,B,10,1005,B100502,요구르트,어린이/액상요구르트,음료
309,B,10,1005,B100503,요구르트,드링크요구르트,음료
310,B,10,1005,B100504,요구르트,떠먹는요구르트,음료
311,B,10,1006,B100601,유제품,치즈,가공식품
312,B,10,1006,B100602,유제품,버터/마가린,가공식품
313,B,10,1006,B100603,유제품,디저트,가공식품
314,B,10,1006,B100604,유제품,크림/연유,가공식품
315,B,10,1007,B100701,브랜드빵,일반빵류,가공식품
316,B,10,1007,B100702,브랜드빵,케익,가공식품
317,B,10,1007,B100703,브랜드빵,식빵류,가공식품
318,B,10,1007,B100704,브랜드빵,찐빵류,가공식품
319,B,10,1007,B100705,브랜드빵,패스트리,가공식품
320,B,10,1008,B100801,치즈,간식용치즈,가공식품
321,B,10,1008,B100802,치즈,슬라이스치즈,가공식품
322,B,10,1008,B100803,치즈,요리용치즈,가공식품
323,B,10,1009,B100901,디저트,냉장케익,가공식품
324,B,10,1009,B100902,디저트,젤리,가공식품
325,B,10,1009,B100903,디저트,푸딩,가공식품
326,B,10,1010,B101001,유가공,버터/마가린,가공식품
327,B,10,1010,B101002,유가공,크림연유,가공식품
328,B,11,1101,B110101,조미료,자연조미료,가공식품
329,B,11,1101,B110102,조미료,가공조미료,가공식품
330,B,11,1101,B110103,조미료,식초,가공식품
331,B,11,1101,B110104,조미료,소금,가공식품
332,B,11,1101,B110105,조미료,향신료,가공식품
333,B,11,1101,B110106,조미료,설탕,가공식품
334,B,11,1101,B110107,조미료,액젓,가공식품
335,B,11,1101,B110108,조미료,천연조미료,가공식품
336,B,11,1102,B110201,소스류,케찹,가공식품
337,B,11,1102,B110202,소스류,마요네즈,가공식품
338,B,11,1102,B110203,소스류,소스,가공식품
339,B,11,1102,B110204,소스류,음용식초,가공식품
340,B,11,1102,B110205,소스류,물엿/올리고당,가공식품
341,B,11,1102,B110206,소스류,드레싱,가공식품
342,B,11,1103,B110301,장류,간장,가공식품
343,B,11,1103,B110302,장류,고추장,가공식품
344,B,11,1103,B110303,장류,된장,가공식품
345,B,11,1103,B110304,장류,쌈장,가공식품
346,B,11,1103,B110305,장류,춘장,가공식품
347,B,11,1104,B110401,식용유지,식용유,가공식품
348,B,11,1104,B110402,식용유지,참기름,가공식품
349,B,11,1104,B110403,식용유지,기타고급유,가공식품
350,B,11,1104,B110404,식용유지,올리브유,가공식품
351,B,11,1104,B110405,식용유지,일반유,가공식품
352,B,11,1104,B110406,식용유지,카놀라유,가공식품
353,B,11,1104,B110407,식용유지,포도씨유,가공식품
354,B,11,1104,B110408,식용유지,마가린,가공식품
355,B,11,1105,B110501,조미선물세트,조미혼합세트,가공식품
356,B,11,1105,B110502,조미선물세트,식용유세트,가공식품
357,B,11,1105,B110503,조미선물세트,참기름세트,가공식품
358,B,11,1105,B110504,조미선물세트,장류세트,가공식품
359,B,11,1105,B110505,조미선물세트,식용유지세트,가공식품
360,B,11,1105,B110506,조미선물세트,기타세트,가공식품
361,B,11,1106,B110601,가루,곡물가루,농산물
362,B,11,1106,B110602,가루,농산가루,농산물
363,B,11,1106,B110603,가루,가공선식,농산물
364,B,11,1106,B110604,가루,부침/튀김가루,농산물
365,B,11,1106,B110605,가루,홈메이드믹스,농산물
366,B,11,1106,B110606,가루,제빵재료,농산물
367,B,11,1107,B110701,식자재,직영식자재,농산물
368,B,11,1107,B110702,식자재,특정식자재,농산물
369,B,11,1108,B110801,향신료,자연향신료,가공식품
370,B,11,1109,B110901,액상조미료,액젓,가공식품
371,B,11,1109,B110902,액상조미료,요리식초,가공식품
372,B,11,1109,B110903,액상조미료,음료식초,가공식품
373,B,11,1110,B111001,복합조미료,가공조미료,가공식품
374,B,11,1110,B111002,복합조미료,자연조미료,가공식품
375,B,11,1111,B111101,소금/설탕류,설탕,가공식품
376,B,11,1111,B111102,소금/설탕류,소금,가공식품
377,B,11,1111,B111103,소금/설탕류,액상과당,가공식품
378,B,11,1112,B111201,수입조미,수입소스,가공식품
379,B,11,1112,B111202,수입조미,수입유지,가공식품
380,B,11,1112,B111203,수입조미,수입장류,가공식품
381,B,11,1112,B111204,수입조미,수입조미료,가공식품
382,B,12,1201,B120101,간편조리식품,즉석반찬,가공식품
383,B,12,1201,B120102,간편조리식품,분말조리식품,가공식품
384,B,12,1201,B120103,간편조리식품,즉석밥/죽,가공식품
385,B,12,1202,B120201,라면,봉지면,가공식품
386,B,12,1202,B120202,라면,용기면,가공식품
387,B,12,1203,B120301,면류,국수,가공식품
388,B,12,1203,B120302,면류,당면,가공식품
389,B,12,1203,B120303,면류,건냉면,가공식품
390,B,12,1203,B120304,면류,생면,가공식품
391,B,12,1203,B120305,면류,파스타류,가공식품
392,B,12,1204,B120401,분유,유아푸드,가공식품
393,B,12,1204,B120402,분유,분유,가공식품
394,B,12,1204,B120403,분유,이유식,가공식품
395,B,12,1205,B120501,잼,일반잼,가공식품
396,B,12,1205,B120502,잼,과일잼,가공식품
397,B,12,1205,B120503,잼,스프레드,가공식품
398,B,12,1205,B120504,잼,프리미엄잼,가공식품
399,B,12,1206,B120601,통조림,농산물통조림,가공식품
400,B,12,1206,B120602,통조림,수산통조림,가공식품
401,B,12,1206,B120603,통조림,축산물통조림,가공식품
402,B,12,1206,B120604,통조림,과일통조림,가공식품
403,B,12,1206,B120605,통조림,참치통조림,가공식품
404,B,12,1206,B120606,통조림,채소통조림,가공식품
405,B,12,1206,B120607,통조림,온라인 통조림,가공식품
406,B,12,1207,B120701,인스턴트선물세트,통조림선물세트,가공식품
407,B,12,1207,B120702,인스턴트선물세트,혼합선물세트,가공식품
408,B,12,1208,B120801,이유식/유아간식,이유식,가공식품
409,B,12,1208,B120802,이유식/유아간식,유아과자,가공식품
410,B,12,1208,B120803,이유식/유아간식,유아기타간식,가공식품
411,B,12,1208,B120804,이유식/유아간식,유아음료,가공식품
412,B,12,1209,B120901,두유,성인두유,음료
413,B,12,1209,B120902,두유,유아두유,음료
414,B,13,1301,B130101,커피,커피크림,음료
415,B,13,1301,B130102,커피,인스턴트커피,음료
416,B,13,1301,B130103,커피,원두커피,음료
417,B,13,1301,B130104,커피,커피선물세트,음료
418,B,13,1302,B130201,차,코코아,음료
419,B,13,1302,B130202,차,녹차,음료
420,B,13,1302,B130203,차,액상차,음료
421,B,13,1302,B130204,차,티백차,음료
422,B,13,1302,B130205,차,식수용차,음료
423,B,13,1302,B130206,차,T-SHOP,음료
424,B,13,1302,B130207,차,침출차,음료
425,B,13,1302,B130208,차,분말차,음료
426,B,13,1302,B130209,차,아이스티,음료
427,B,13,1302,B130210,차,건강미용차,음료
428,B,13,1302,B130211,차,차 선물세트,음료
429,B,13,1303,B130301,건강식품,건강식품,가공식품
430,B,13,1303,B130302,건강식품,꿀,가공식품
431,B,13,1303,B130303,건강식품,홍삼,가공식품
432,B,13,1303,B130304,건강식품,비타민,가공식품
433,B,13,1303,B130305,건강식품,꿀 선물세트,가공식품
434,B,13,1303,B130306,건강식품,건강선물세트,가공식품
435,B,13,1304,B130401,담배,국산담배,주류
436,B,13,1304,B130402,담배,수입담배,주류
437,B,13,1305,B130501,인스턴트커피,믹스커피,음료
438,B,13,1305,B130502,인스턴트커피,아이스커피,음료
439,B,13,1305,B130503,인스턴트커피,용기리필커피,음료
440,B,13,1306,B130601,원두커피,분쇄원두커피,음료
441,B,13,1306,B130602,원두커피,스틱원두커피,음료
442,B,13,1306,B130603,원두커피,캡슐원두커피,음료
443,B,13,1306,B130604,원두커피,티백/드립 커피,음료
444,B,13,1306,B130605,원두커피,홀빈원두커피,음료
445,B,13,1307,B130701,커피선물세트,커피선물세트,음료
446,B,13,1308,B130801,시즌차,분말차,음료
447,B,13,1308,B130802,시즌차,아이스티,음료
448,B,13,1308,B130803,시즌차,액상차,음료
449,B,13,1308,B130804,시즌차,코코아,음료
450,B,13,1309,B130901,차선물세트,차선물세트,음료
451,B,13,1310,B131001,꿀,국산꿀,가공식품
452,B,13,1310,B131002,꿀,수입꿀,가공식품
453,B,14,1401,B140101,스낵,감자스낵,가공식품
454,B,14,1401,B140102,스낵,콘스낵,가공식품
455,B,14,1401,B140103,스낵,일반스낵,가공식품
456,B,14,1401,B140104,스낵,쌀스낵,가공식품
457,B,14,1401,B140105,스낵,기타스낵,가공식품
458,B,14,1401,B140106,스낵,온라인 스낵,가공식품
459,B,14,1402,B140201,비스켓,쿠키,가공식품
460,B,14,1402,B140202,비스켓,크래커,가공식품
461,B,14,1402,B140203,비스켓,샌드,가공식품
462,B,14,1402,B140204,비스켓,웨하스,가공식품
463,B,14,1402,B140205,비스켓,화과자,가공식품
464,B,14,1402,B140206,비스켓,스틱과자,가공식품
465,B,14,1402,B140207,비스켓,온라인 비스켓,가공식품
466,B,14,1403,B140301,파이,파이,가공식품
467,B,14,1403,B140302,파이,케이크,가공식품
468,B,14,1403,B140303,파이,온라인 파이,가공식품
469,B,14,1404,B140401,시리얼,패밀리용시리얼,가공식품
470,B,14,1404,B140402,시리얼,어린이용시리얼,가공식품
471,B,14,1404,B140403,시리얼,성인용시리얼,가공식품
472,B,14,1404,B140404,시리얼,온라인 시리얼,가공식품
473,B,14,1405,B140501,캔디,젤리,가공식품
474,B,14,1405,B140502,캔디,하드캔디,가공식품
475,B,14,1405,B140503,캔디,소프트캔디,가공식품
476,B,14,1405,B140504,캔디,토이캔디,가공식품
477,B,14,1405,B140505,캔디,워터젤리,가공식품
478,B,14,1405,B140506,캔디,팥빙수재료,가공식품
479,B,14,1405,B140507,캔디,온라인 캔디,가공식품
480,B,14,1406,B140601,초콜릿,국산초콜릿,가공식품
481,B,14,1406,B140602,초콜릿,초콜릿바,가공식품
482,B,14,1406,B140603,초콜릿,판초콜릿,가공식품
483,B,14,1406,B140604,초콜릿,쉘초콜릿,가공식품
484,B,14,1406,B140605,초콜릿,바초콜릿,가공식품
485,B,14,1406,B140606,초콜릿,코팅초콜릿,가공식품
486,B,14,1406,B140607,초콜릿,가공초콜릿,가공식품
487,B,14,1406,B140608,초콜릿,온라인 초콜릿,가공식품
488,B,14,1407,B140701,껌,일반껌,가공식품
489,B,14,1407,B140702,껌,기호껌,가공식품
490,B,14,1407,B140703,껌,기능성껌,가공식품
491,B,14,1407,B140704,껌,풍선껌,가공식품
492,B,14,1407,B140705,껌,키즈껌,가공식품
493,B,14,1408,B140801,안주,농산안주,가공식품
494,B,14,1408,B140802,안주,스넥안주,가공식품
495,B,14,1408,B140803,안주,기타안주,가공식품
496,B,14,1409,B140901,한과,기호한과,가공식품
497,B,14,1410,B141001,선물세트,과자선물세트,가공식품
498,B,14,1411,B141101,프리미엄과자,유기농과자,가공식품
499,B,14,1411,B141102,프리미엄과자,프리미엄비스켓,가공식품
500,B,14,1411,B141103,프리미엄과자,프리미엄스낵,가공식품
501,B,14,1411,B141104,프리미엄과자,프리미엄초콜릿,가공식품
502,B,14,1411,B141105,프리미엄과자,프리미엄캔디,가공식품
503,B,14,1411,B141106,프리미엄과자,프리미엄파이,가공식품
504,B,14,1412,B141201,간식용과자,간식용소시지,가공식품
505,B,14,1412,B141202,간식용과자,기타 간식용과자,가공식품
506,B,14,1412,B141203,간식용과자,맛밤류,가공식품
507,B,14,1413,B141301,수입과자,수입껌,가공식품
508,B,14,1413,B141302,수입과자,수입비스켓,가공식품
509,B,14,1413,B141303,수입과자,수입스낵,가공식품
510,B,14,1413,B141304,수입과자,수입초콜릿,가공식품
511,B,14,1413,B141305,수입과자,수입캔디,가공식품
512,B,14,1413,B141306,수입과자,수입파이,가공식품
513,B,14,1413,B141307,수입과자,온라인수입과자,가공식품
514,B,14,1414,B141401,종합과자,과자선물세트,가공식품
515,B,14,1414,B141402,종합과자,캐릭터과자,가공식품
516,B,14,1415,B141501,전통과자,옛날과자,가공식품
517,B,14,1415,B141502,전통과자,온라인전통과자,가공식품
518,B,14,1415,B141503,전통과자,온라인팥빙수재료,가공식품
519,B,14,1415,B141504,전통과자,팥빙수재료,가공식품
520,B,14,1415,B141505,전통과자,한과,가공식품
521,B,14,1415,B141506,전통과자,화과자,가공식품
522,B,15,1501,B150101,생수,생수,음료
523,B,15,1501,B150102,생수,국내생수,음료
524,B,15,1501,B150103,생수,수입생수,음료
525,B,15,1501,B150104,생수,탄산수,음료
526,B,15,1501,B150105,생수,온라인 생수,음료
527,B,15,1502,B150201,과채음료,채소음료,음료
528,B,15,1502,B150202,과채음료,과일음료,음료
529,B,15,1502,B150203,과채음료,과채혼합음료,음료
530,B,15,1502,B150204,과채음료,어린이음료,음료
531,B,15,1502,B150205,과채음료,유기농음료,음료
532,B,15,1502,B150206,과채음료,온라인과채음료,음료
533,B,15,1502,B150207,과채음료,과일/야채음료,음료
534,B,15,1502,B150208,과채음료,선물세트 과즙음료,음료
535,B,15,1503,B150301,두유,두유,음료
536,B,15,1503,B150302,두유,영유아두유,음료
537,B,15,1504,B150401,탄산음료,사이다,음료
538,B,15,1504,B150402,탄산음료,콜라,음료
539,B,15,1504,B150403,탄산음료,온라인 탄산음료,음료
540,B,15,1504,B150404,탄산음료,혼합탄산,음료
541,B,15,1505,B150501,이온음료,이온음료,음료
542,B,15,1506,B150601,커피차음료,커피음료,음료
543,B,15,1506,B150602,커피차음료,차음료,음료
544,B,15,1506,B150603,커피차음료,온라인커피차음료,음료
545,B,15,1506,B150604,커피차음료,혼합음료,음료
546,B,15,1506,B150605,커피차음료,차혼합음료,음료
547,B,15,1507,B150701,기능성음료,의약외품음료,음료
548,B,15,1507,B150702,기능성음료,기능성건강음료,음료
549,B,15,1507,B150703,기능성음료,비타민음료,음료
550,B,15,1507,B150704,기능성음료,에너지음료,음료
551,B,15,1507,B150705,기능성음료,비타/에너지음료,음료
552,B,15,1507,B150706,기능성음료,기능성음료,음료
553,B,15,1507,B150707,기능성음료,기능성음료선물세트,음료
554,B,15,1508,B150801,수입음료,수입과채혼합음료,음료
555,B,15,1508,B150802,수입음료,수입탄산/이온음료,음료
556,B,15,1508,B150803,수입음료,수입커피/수입혼합차음료,음료
557,B,16,1601,B160101,소주,병소주,주류
558,B,16,1601,B160102,소주,페트소주,주류
559,B,16,1602,B160201,맥주,국산맥주,주류
560,B,16,1602,B160202,맥주,수입맥주,주류
561,B,16,1602,B160203,맥주,무알콜맥주,주류
562,B,16,1603,B160301,와인,레드와인,주류
563,B,16,1603,B160302,와인,화이트와인,주류
564,B,16,1603,B160303,와인,와인선물세트,주류
565,B,16,1604,B160401,전통주,민속주,주류
566,B,16,1604,B160402,전통주,막걸리,주류
567,B,16,1604,B160403,전통주,과실주,주류
568,B,16,1604,B160404,전통주,전통주선물세트,주류
569,B,16,1605,B160501,양주,동양전통주,주류
570,B,16,1605,B160502,양주,위스키,주류
571,B,16,1605,B160503,양주,일본술,주류
572,B,16,1605,B160504,양주,브랜디,주류
573,B,16,1605,B160505,양주,리큐르,주류
574,B,16,1605,B160506,양주,중국술,주류
575,B,16,1605,B160507,양주,양주선물세트,주류
576,B,05,0506,B050602,약초,기타약초,농산물
577,B,05,0506,B050603,약초,더덕,농산물
578,B,05,0506,B050604,약초,백련초,농산물
579,B,05,0506,B050605,약초,황기,농산물
580,B,05,0506,B050606,약초,구기자,농산물
581,B,05,0506,B050607,약초,둥글레,농산물
582,B,05,0507,B050701,양념류,대파,농산물
583,B,05,0507,B050702,양념류,양파,농산물
584,B,05,0507,B050703,양념류,깐마늘,농산물
585,B,05,0507,B050704,양념류,생강,농산물
586,B,05,0507,B050705,양념류,건고추,농산물
587,B,05,0507,B050706,양념류,기타양념,농산물
588,B,05,0507,B050707,양념류,쪽파,농산물
589,B,05,0507,B050708,양념류,피마늘,농산물
590,B,05,0507,B050709,양념류,마늘쫑,농산물
591,B,05,0507,B050710,양념류,양념류 선물세트,농산물
592,B,05,0508,B050801,식자재,식자재,농산물
593,B,05,0509,B050901,친환경채소,친환경쌈채소,농산물
594,B,05,0509,B050902,친환경채소,친환경뿌리채소,농산물
595,B,05,0509,B050903,친환경채소,친환경열매채소,농산물
596,B,05,0509,B050904,친환경채소,친환경샐러드채소,농산물
597,B,05,0509,B050905,친환경채소,친환경양념채소,농산물
598,B,05,0509,B050906,친환경채소,친환경잎채소,농산물
599,B,05,0510,B051001,김치채소,친환경김치채소,농산물
600,B,05,0510,B051002,김치채소,배추,농산물
601,B,05,0510,B051003,김치채소,얼갈이,농산물
602,B,05,0510,B051004,김치채소,열무,농산물
603,B,05,0510,B051005,김치채소,무우,농산물
604,B,05,0510,B051006,김치채소,갓,농산물
605,B,05,0510,B051007,김치채소,알타리무,농산물
606,B,05,0511,B051101,온라인잎/샐러드채소,온라인잎채소,농산물
607,B,05,0512,B051201,LOCAL잎채소,Local근대,농산물
608,B,05,0512,B051202,LOCAL잎채소,Local기타잎채소,농산물
609,B,05,0512,B051203,LOCAL잎채소,Local깻잎,농산물
610,B,05,0512,B051204,LOCAL잎채소,Local미나리,농산물
611,B,05,0512,B051205,LOCAL잎채소,Local부추,농산물
612,B,05,0512,B051206,LOCAL잎채소,Local상추,농산물
613,B,05,0512,B051207,LOCAL잎채소,Local시금치,농산물
614,B,05,0512,B051208,LOCAL잎채소,Local쌈채소,농산물
615,B,05,0512,B051209,LOCAL잎채소,Local쑥갓,농산물
616,B,05,0512,B051210,LOCAL잎채소,Local아욱,농산물
617,B,05,0512,B051211,LOCAL잎채소,Local양배추,농산물
618,B,05,0513,B051301,LOCAL김치채소,Local갓,농산물
619,B,05,0513,B051302,LOCAL김치채소,Local무우,농산물
620,B,05,0513,B051303,LOCAL김치채소,Local배추,농산물
621,B,05,0513,B051304,LOCAL김치채소,Local얼갈이,농산물
622,B,05,0513,B051305,LOCAL김치채소,Local열무,농산물
623,B,05,0514,B051401,샐러드/간편채소,간편구색,농산물
624,B,05,0514,B051402,샐러드/간편채소,간편양념,농산물
625,B,05,0514,B051403,샐러드/간편채소,드레싱,농산물
626,B,05,0514,B051404,샐러드/간편채소,샐러드,농산물
627,B,06,0601,B060101,대중선어,대구,수산물
628,B,06,0601,B060102,대중선어,우럭,수산물
629,B,06,0601,B060103,대중선어,도미,수산물
630,B,06,0601,B060104,대중선어,조기,수산물
631,B,06,0601,B060105,대중선어,고등어,수산물
632,B,06,0601,B060106,대중선어,갈치,수산물
633,B,06,0601,B060107,대중선어,꽁치,수산물
634,B,06,0601,B060108,대중선어,명태,수산물
635,B,06,0601,B060109,대중선어,가자미,수산물
636,B,06,0601,B060110,대중선어,삼치,수산물
637,B,06,0601,B060111,대중선어,임연수,수산물
638,B,06,0601,B060112,대중선어,아귀,수산물
639,B,06,0601,B060113,대중선어,병어,수산물
640,B,06,0601,B060114,대중선어,게,수산물
641,B,06,0601,B060115,대중선어,구색선어,수산물
642,B,06,0601,B060116,대중선어,오징어류,수산물
643,B,06,0601,B060117,대중선어,민어,수산물
644,B,06,0601,B060118,대중선어,연어,수산물
645,B,06,0602,B060201,냉동수산물,굴비,수산물
646,B,06,0602,B060202,냉동수산물,반건생선,수산물
647,B,06,0602,B060203,냉동수산물,냉동포장,수산물
648,B,06,0603,B060301,생선선물세트,선어세트,수산물
649,B,06,0603,B060302,생선선물세트,해물선물세트,수산물
650,B,06,0603,B060303,생선선물세트,굴비세트,수산물
651,B,06,0604,B060401,고등어/삼치,국산고등어,수산물
652,B,06,0604,B060402,고등어/삼치,국산고등어자반,수산물
653,B,06,0604,B060403,고등어/삼치,국산삼치,수산물
654,B,06,0605,B060501,대구,국산대구,수산물
655,B,06,0606,B060601,도미/민어,국산도미,수산물
656,B,06,0606,B060602,도미/민어,국산민어,수산물
657,B,06,0607,B060701,기타구색생선,국산청어,수산물
658,B,06,0607,B060702,기타구색생선,국산금태,수산물
659,B,06,0607,B060703,기타구색생선,국산우럭,수산물
660,B,06,0607,B060704,기타구색생선,국산임연수어,수산물
661,B,06,0607,B060705,기타구색생선,국산아귀,수산물
662,B,06,0607,B060706,기타구색생선,국산병어,수산물
663,B,06,0607,B060707,기타구색생선,국산기타구색생선,수산물
664,B,06,0608,B060801,꽁치/가자미,국산꽁치,수산물
665,B,06,0608,B060802,꽁치/가자미,국산가자미,수산물
666,B,06,0609,B060901,오징어,국산오징어,수산물
667,B,06,0609,B060902,오징어,국산한치,수산물
668,B,06,0610,B061001,조기/명태,국산참조기,수산물
669,B,06,0610,B061002,조기/명태,부세조기,수산물
670,B,06,0610,B061003,조기/명태,국산백조기,수산물
671,B,06,0610,B061004,조기/명태,긴가이석태,수산물
672,B,06,0610,B061005,조기/명태,영상가이석태,수산물
673,B,06,0610,B061006,조기/명태,기타조기,수산물
674,B,06,0610,B061007,조기/명태,국산명태,수산물
675,B,06,0611,B061101,국산게/갈치,국산꽃게,수산물
676,B,06,0611,B061102,국산게/갈치,국산대게,수산물
677,B,06,0611,B061103,국산게/갈치,국산홍게,수산물
678,B,06,0611,B061104,국산게/갈치,국산기타게,수산물
679,B,06,0611,B061105,국산게/갈치,국산갈치,수산물
680,B,07,0701,B070101,선물세트,마른안주 선물세트,수산물
681,B,07,0701,B070102,선물세트,해조류세트,수산물
682,B,07,0701,B070103,선물세트,멸치황태세트,수산물
683,B,07,0702,B070201,즉석구이안주,즉석어포,수산물
684,B,07,0702,B070202,즉석구이안주,즉석오징어,수산물
685,B,07,0702,B070203,즉석구이안주,즉석쥐포,수산물
686,B,07,0703,B070301,마른안주,건오징어,수산물
687,B,07,0703,B070302,마른안주,조미오징어,수산물
688,B,07,0703,B070303,마른안주,육포,수산물
689,B,07,0703,B070304,마른안주,쥐치포,수산물
690,B,07,0703,B070305,마른안주,온라인 안주,수산물
691,B,07,0704,B070401,멸치건명태,멸치,수산물
692,B,07,0704,B070402,멸치건명태,황태북어,수산물
693,B,07,0705,B070501,해조류,김,수산물
694,B,07,0705,B070502,해조류,조미김,수산물
695,B,07,0705,B070503,해조류,미역,수산물
696,B,07,0705,B070504,해조류,다시마,수산물
697,B,07,0706,B070601,특산물,즉석안주,수산물
698,B,07,0706,B070602,특산물,즉석김,수산물
699,B,07,0706,B070603,특산물,특산물행사,수산물
700,B,07,0707,B070701,건오징어,동해안건오징어,수산물
701,B,07,0707,B070702,건오징어,반건오징어,수산물
702,B,07,0707,B070703,건오징어,울릉도건오징어,수산물
703,B,07,0707,B070704,건오징어,원양산건오징어,수산물
704,B,07,0708,B070801,조미오징어,백진미,수산물
705,B,07,0708,B070802,조미오징어,홍진미,수산물
706,B,07,0708,B070803,조미오징어,훈제구이진미,수산물
707,B,07,0709,B070901,육포,국산육포,육류
708,B,07,0709,B070902,육포,돈닭치즈육포,육류
709,B,07,0709,B070903,육포,수입산육포,육류
710,B,07,0710,B071001,쥐치포,구운쥐치포,수산물
711,B,07,0710,B071002,쥐치포,어포류,수산물
712,B,07,0710,B071003,쥐치포,쥐치포,수산물
713,B,07,0711,B071101,마른안주선물세트,육포세트,육류
714,B,43,4305,B430502,냉동만두,군만두,가공식품
715,B,43,4305,B430503,냉동만두,손찜만두,가공식품
716,B,43,4305,B430504,냉동만두,교자만두,가공식품
717,B,43,4305,B430505,냉동만두,만두피,가공식품
718,B,43,4306,B430601,냉동간식,냉동튀김,가공식품
719,B,43,4306,B430602,냉동간식,냉동부침/구이,가공식품
720,B,43,4306,B430603,냉동간식,온라인냉동간식,가공식품
721,B,43,4306,B430604,냉동간식,기타냉동반찬,가공식품
722,B,43,4307,B430701,냉동대용식,냉동간식,가공식품
723,B,43,4307,B430702,냉동대용식,냉동면,가공식품
724,B,43,4307,B430703,냉동대용식,냉동간편식,가공식품
725,B,43,4308,B430801,아이스크림,얼음,가공식품
726,B,43,4308,B430802,아이스크림,홈아이스,가공식품
727,B,43,4308,B430803,아이스크림,튜브/컵아이스,가공식품
728,B,43,4308,B430804,아이스크림,바아이스,가공식품
729,B,43,4308,B430805,아이스크림,과자아이스,가공식품
730,B,43,4308,B430806,아이스크림,행사아이스,가공식품
731,B,43,4308,B430807,아이스크림,콘아이스,가공식품
732,B,43,4309,B430901,햄,라운드햄,가공식품
733,B,43,4309,B430902,햄,베이컨,가공식품
734,B,43,4309,B430903,햄,사각햄,가공식품
735,B,43,4309,B430904,햄,슬라이스햄,가공식품
736,B,43,4309,B430905,햄,원물형태햄,가공식품
737,B,43,4310,B431001,소시지,비엔나소시지,가공식품
738,B,43,4310,B431002,소시지,일반소시지,가공식품
739,B,43,4310,B431003,소시지,후랑크소시지,가공식품
740,B,43,4311,B431101,냉장햄세트,냉장햄세트,가공식품
741,B,46,4601,B460101,우육,일반한우,육류
742,B,46,4601,B460102,우육,한우 선물세트,육류
743,B,46,4601,B460103,우육,브랜드한우,육류
744,B,46,4601,B460104,우육,PB 한우,육류
745,B,46,4601,B460105,우육,PB 한우 선물세트,육류
746,B,46,4601,B460106,우육,순한한우,육류
747,B,46,4602,B460201,수입육,미국산 냉장 소고기,육류
748,B,46,4602,B460202,수입육,미국산 냉동 소고기,육류
749,B,46,4602,B460203,수입육,호주산 냉장 소고기,육류
750,B,46,4602,B460204,수입육,호주산 냉동 소고기,육류
751,B,46,4602,B460205,수입육,수입육 선물세트,육류
752,B,46,4602,B460206,수입육,PB 수입 소고기,육류
753,B,46,4602,B460207,수입육,PB 수입소고기 선물세트,육류
754,B,46,4602,B460208,수입육,수입 돼지고기,육류
755,B,46,4602,B460209,수입육,기타 수입육,육류
756,B,46,4603,B460301,일반한우,한우곰거리,육류
757,B,46,4603,B460302,일반한우,한우등심,육류
758,B,46,4603,B460303,일반한우,한우안심,육류
759,B,46,4603,B460304,일반한우,한우양지,육류
760,B,46,4603,B460305,일반한우,한우정육,육류
761,B,46,4603,B460306,일반한우,한우채끝,육류
762,B,46,4603,B460307,일반한우,한우특수부위,육류
763,B,46,4603,B460308,일반한우,한우규격,육류
764,B,46,4604,B460401,한우선물세트,한우냉동선물세트,육류
765,B,46,4604,B460402,한우선물세트,한우냉장선물세트,육류
766,B,46,4605,B460501,브랜드한우,산지한우,육류
767,B,46,4605,B460502,브랜드한우,순한한우,육류
768,B,46,4605,B460503,브랜드한우,진심한우,육류
769,B,47,4701,B470101,닭고기,냉동계육,육류
770,B,47,4701,B470102,닭고기,오골계,육류
771,B,47,4701,B470103,닭고기,훈제계육,육류
772,B,47,4701,B470104,닭고기,일반닭,육류
773,B,47,4701,B470105,닭고기,토종닭,육류
774,B,47,4701,B470106,닭고기,닭부분육,육류
775,B,47,4701,B470107,닭고기,오리,육류
776,B,47,4701,B470108,닭고기,기타육,육류
777,B,47,4702,B470201,계란,PB 계란,육류
778,B,47,4702,B470202,계란,일반란,육류
779,B,47,4702,B470203,계란,차별화계란,육류
780,B,47,4702,B470204,계란,기타란,육류
781,B,47,4703,B470301,오리고기,일반오리,육류
782,B,47,4703,B470302,오리고기,훈제오리,육류
783,B,48,4801,B480101,양념육,양념육,육류
784,B,48,4801,B480102,양념육,HMR,육류
785,B,48,4801,B480103,양념육,육가공품,육류
786,B,48,4802,B480201,돼지고기,PB 돼지고기,육류
787,B,48,4802,B480202,돼지고기,NB 돼지고기,육류
788,B,48,4802,B480203,돼지고기,차별화돼지고기,육류
789,B,48,4803,B480301,브랜드돼지고기,NB돼지고기,육류
790,B,48,4803,B480302,브랜드돼지고기,PB돼지고기,육류
791,B,48,4803,B480303,브랜드돼지고기,소포장팩,육류
792,B,48,4804,B480401,차별화돼지고기,기능성웰빙돼지고기,육류
793,B,48,4804,B480402,차별화돼지고기,품종차별화돼지고기,육류
794,B,48,4805,B480501,온라인돼지고기,온라인돼지고기,육류
795,B,52,5201,B520101,과실과일,사과,농산물
796,B,52,5201,B520102,과실과일,배,농산물
797,B,52,5201,B520103,과실과일,감귤,농산물
798,B,52,5201,B520104,과실과일,포도,농산물
799,B,52,5201,B520105,과실과일,감,농산물
800,B,52,5201,B520106,과실과일,복숭아,농산물
801,B,52,5201,B520107,과실과일,자두,농산물
802,B,52,5201,B520108,과실과일,기타국산과일,농산물
803,B,52,5201,B520109,과실과일,밤,농산물
804,B,52,5201,B520110,과실과일,온라인 국산과일,농산물
805,B,52,5202,B520201,과채과일,참외,농산물
806,B,52,5202,B520202,과채과일,수박,농산물
807,B,52,5202,B520203,과채과일,딸기,농산물
808,B,52,5202,B520204,과채과일,토마토,농산물
809,B,52,5202,B520205,과채과일,메론,농산물
810,B,52,5203,B520301,선물세트,배세트,농산물
811,B,52,5203,B520302,선물세트,혼합세트,농산물
812,B,52,5203,B520303,선물세트,사과세트,농산물
813,B,52,5203,B520304,선물세트,기타과일세트,농산물
814,B,52,5203,B520305,선물세트,PB세트,농산물
815,B,52,5203,B520306,선물세트,친환경과일선물세트,농산물
816,B,52,5204,B520401,친환경과일,친환경포도,농산물
817,B,52,5204,B520402,친환경과일,친환경딸기,농산물
818,B,52,5204,B520403,친환경과일,친환경배,농산물
819,B,52,5204,B520404,친환경과일,친환경메론,농산물
820,B,52,5204,B520405,친환경과일,친환경복숭아,농산물
821,B,52,5204,B520406,친환경과일,친환경사과,농산물
822,B,52,5204,B520407,친환경과일,친환경토마토,농산물
823,B,52,5204,B520408,친환경과일,친환경자두,농산물
824,B,52,5204,B520409,친환경과일,친환경감귤,농산물
825,B,52,5204,B520410,친환경과일,친환경참외,농산물
826,B,52,5204,B520411,친환경과일,친환경감,농산물
827,B,52,5204,B520412,친환경과일,친환경참다래,농산물
828,B,52,5204,B520413,친환경과일,친환경건과,농산물
829,B,52,5204,B520414,친환경과일,GAP감귤,농산물
830,B,52,5204,B520415,친환경과일,친환경기타과일,농산물
831,B,52,5205,B520501,감귤,PB감귤,농산물
832,B,52,5205,B520502,감귤,감귤기타,농산물
833,B,52,5205,B520503,감귤,노지감귤,농산물
834,B,52,5205,B520504,감귤,레드향,농산물
835,B,52,5205,B520505,감귤,천혜향,농산물
836,B,52,5205,B520506,감귤,하우스감귤,농산물
837,B,52,5205,B520507,감귤,한라봉,농산물
838,B,52,5205,B520508,감귤,황금향,농산물
839,B,52,5206,B520601,감,PB감,농산물
840,B,52,5206,B520602,감,규격감기타,농산물
841,B,52,5206,B520603,감,단감,농산물
842,B,52,5206,B520604,감,대봉시,농산물
843,B,52,5206,B520605,감,비규격감기타,농산물
844,B,52,5206,B520606,감,홍시,농산물
845,B,52,5207,B520701,복숭아,복숭아기타,농산물
846,B,52,5207,B520702,복숭아,부드러운복숭아,농산물
847,B,52,5207,B520703,복숭아,아삭한복숭아,농산물
848,B,52,5207,B520704,복숭아,천도복숭아,농산물
849,B,52,5208,B520801,자두,대석자두,농산물
850,B,52,5208,B520802,자두,자두기타,농산물
851,B,52,5208,B520803,자두,포모사,농산물
852,B,52,5209,B520901,토마토,PB토마토,농산물
853,B,52,5209,B520902,토마토,방울토마토,농산물
854,B,52,5209,B520903,토마토,완숙토마토,농산물
855,B,52,5209,B520904,토마토,찰토마토,농산물
856,B,52,5209,B520905,토마토,토마토기타,농산물
857,B,52,5210,B521001,포도,거봉포도,농산물
858,B,52,5210,B521002,포도,델라웨어포도,농산물
859,B,52,5210,B521003,포도,머루포도,농산물
860,B,52,5210,B521004,포도,캠벨포도,농산물
861,B,52,5210,B521005,포도,포도기타,농산물
862,B,52,5211,B521101,참외,PB참외,농산물
863,B,52,5211,B521102,참외,참외,농산물
864,B,52,5212,B521201,수박,PB수박,농산물
865,B,52,5212,B521202,수박,수박기타,농산물
866,B,52,5212,B521203,수박,씨없는수박,농산물
867,B,52,5212,B521204,수박,유명산지수박,농산물
868,B,52,5212,B521205,수박,일반수박,농산물
869,B,52,5212,B521206,수박,컬러수박,농산물
870,B,52,5213,B521301,딸기,딸기,농산물
871,B,52,5213,B521302,딸기,산딸기,농산물
872,B,52,5214,B521401,메론,PB메론,농산물
873,B,52,5214,B521402,메론,머스크메론,농산물
874,B,52,5214,B521403,메론,메론기타,농산물
875,B,53,5301,B530101,선물세트,키위세트,농산물
876,B,53,5301,B530102,선물세트,기타수입과일세트,농산물
877,B,53,5302,B530201,수입감귤과일,오렌지,농산물
878,B,53,5302,B530202,수입감귤과일,자몽,농산물
879,B,53,5302,B530203,수입감귤과일,레몬,농산물
880,B,53,5303,B530301,수입기타과일,아보가도,농산물
881,B,53,5303,B530302,수입기타과일,기타과일,농산물
882,B,53,5303,B530303,수입기타과일,쇼케이스과일,농산물
883,B,53,5303,B530304,수입기타과일,망고스틴,농산물
884,B,53,5303,B530305,수입기타과일,수입메론,농산물
885,B,53,5303,B530306,수입기타과일,야자,농산물
886,B,53,5303,B530307,수입기타과일,용과,농산물
887,B,53,5303,B530308,수입기타과일,블루베리,농산물
888,B,53,5304,B530401,열대과일,바나나,농산물
889,B,53,5304,B530402,열대과일,파인애플,농산물
890,B,53,5304,B530403,열대과일,망고,농산물
891,B,53,5305,B530501,키위/석류,참다래,농산물
892,B,53,5305,B530502,키위/석류,키위,농산물
893,B,53,5305,B530503,키위/석류,석류,농산물
894,B,53,5306,B530601,포도/체리,체리,농산물
895,B,53,5306,B530602,포도/체리,수입포도,농산물
896,B,53,5307,B530701,오렌지과일선물세트,오렌지과일선물세트,농산물
897,B,53,5308,B530801,오렌지,기타오렌지,농산물
898,B,53,5308,B530802,오렌지,남아공오렌지,농산물
899,B,53,5308,B530803,오렌지,미국고당도오렌지,농산물
900,B,53,5308,B530804,오렌지,미국일반오렌지,농산물
901,B,53,5308,B530805,오렌지,칠레오렌지,농산물
902,B,53,5309,B530901,자몽,남아공자몽,농산물
903,B,53,5309,B530902,자몽,미국자몽,농산물
904,B,53,5309,B530903,자몽,이스라엘자몽,농산물
905,B,53,5310,B531001,오렌지과일기타,간편과일,농산물
906,B,53,5310,B531002,오렌지과일기타,기타오렌지과일,농산물
907,B,53,5311,B531101,석류,미국석류,농산물
908,B,53,5312,B531201,레몬,북미레몬,농산물
909,B,53,5312,B531202,레몬,칠레레몬,농산물
910,B,54,5401,B540101,생선회,초밥,수산물
911,B,54,5401,B540102,생선회,회재료,수산물
912,B,54,5401,B540103,생선회,활어회,수산물
913,B,54,5401,B540104,생선회,일반회,수산물
914,B,54,5401,B540105,생선회,참치회,수산물
915,B,54,5401,B540106,생선회,장어류,수산물
916,B,54,5401,B540107,생선회,모둠회,수산물
917,B,54,5401,B540108,생선회,시즌회,수산물
918,B,54,5401,B540109,생선회,연어회,수산물
919,B,54,5401,B540110,생선회,홍어회,수산물
920,B,54,5402,B540201,해물연체류,조개류,수산물
921,B,54,5402,B540202,해물연체류,조개살,수산물
922,B,54,5402,B540203,해물연체류,연체류,수산물
923,B,54,5402,B540204,해물연체류,새우류,수산물
924,B,54,5403,B540301,간편조리생선,규격 RTC,수산물
925,B,54,5403,B540302,간편조리생선,간편조리행사,수산물
926,B,54,5404,B540401,생선초밥,모둠초밥,가공식품
927,B,54,5404,B540402,생선초밥,활어초밥,가공식품
928,B,54,5405,B540501,기타회,회재료,수산물
929,B,54,5405,B540502,기타회,장어류,수산물
930,B,55,5501,B550101,건과,땅콩,농산물
931,B,55,5501,B550102,건과,대추,농산물
932,B,55,5501,B550103,건과,호두,농산물
933,B,55,5501,B550104,건과,잣,농산물
934,B,55,5501,B550105,건과,곶감,농산물
935,B,55,5501,B550106,건과,은행,농산물
936,B,55,5501,B550107,건과,건과기타,농산물
937,B,55,5501,B550108,건과,건과선물세트,농산물
938,B,55,5501,B550109,건과,건과일,농산물
939,B,55,5501,B550110,건과,과일칩,농산물
940,B,55,5501,B550111,건과,마카다미아,농산물
941,B,55,5501,B550112,건과,믹스넛,농산물
942,B,55,5501,B550113,건과,시즈닝견과,농산물
943,B,55,5501,B550114,건과,피스타치오,농산물
944,B,55,5501,B550115,건과,하루견과,농산물
945,B,55,5501,B550116,건과,요리용견과,농산물
946,B,55,5501,B550117,건과,캐슈넛,농산물
947,B,55,5501,B550118,건과,친환경건과,농산물
948,B,55,5501,B550119,건과,블루베리,농산물
949,B,55,5501,B550120,건과,아몬드,농산물
950,B,55,5502,B550201,친환경채소,친환경쌈채소,농산물
951,B,55,5502,B550202,친환경채소,친환경엽채소,농산물
952,B,55,5502,B550203,친환경채소,친환경뿌리채소,농산물
953,B,55,5502,B550204,친환경채소,친환경열매채소,농산물
954,B,55,5502,B550205,친환경채소,친환경샐러드채소,농산물
955,B,55,5502,B550206,친환경채소,친환경양념채소,농산물
956,B,55,5503,B550301,건강선물세트,인삼세트,가공식품
957,B,55,5503,B550302,건강선물세트,한방세트,가공식품
958,B,55,5503,B550303,건강선물세트,견과선물세트,농산물
959,B,55,5503,B550304,건강선물세트,양념류선물세트,가공식품
960,B,55,5503,B550305,건강선물세트,온라인 선물세트,가공식품
961,B,55,5503,B550306,건강선물세트,약용버섯세트,농산물
962,B,55,5503,B550307,건강선물세트,더덕세트,농산물
963,B,55,5503,B550308,건강선물세트,혼합세트,농산물
964,B,55,5504,B550401,냉동가공,냉동가공과일,가공식품
965,B,55,5504,B550402,냉동가공,냉동가공채소,가공식품
966,B,55,5504,B550403,냉동가공,냉동가공양곡,가공식품
967,B,55,5505,B550501,생활한방,한방식재,가공식품
968,B,55,5505,B550502,생활한방,한방재,가공식품
969,B,55,5505,B550503,생활한방,한방차,가공식품
970,B,55,5506,B550601,한방식재류,한방식재,가공식품
971,B,55,5506,B550602,한방식재류,간편한방식재,가공식품
972,B,55,5507,B550701,한방차,한차,가공식품
973,B,55,5507,B550702,한방차,허브,가공식품
974,B,56,5601,B560101,밥류,도시락,가공식품
975,B,56,5601,B560102,밥류,김밥,가공식품
976,B,56,5601,B560103,밥류,초밥,가공식품
977,B,56,5602,B560201,간편조리,한식,가공식품
978,B,56,5602,B560202,간편조리,아시안,가공식품
979,B,56,5602,B560203,간편조리,음료,가공식품
980,B,56,5602,B560204,간편조리,양식,가공식품
981,B,56,5603,B560301,김/초밥,초밥,가공식품
982,B,56,5603,B560302,김/초밥,김밥/롤,가공식품
983,B,56,5604,B560401,도시락,도시락,가공식품
984,B,56,5604,B560402,도시락,샌드위치,가공식품
985,B,56,5605,B560501,간편조리,샐러드,가공식품
986,B,56,5605,B560502,간편조리,요리,가공식품
987,B,67,6701,B670103,피자,엠디월드,가공식품
988,B,67,6701,B670104,피자,보네스빼,가공식품
989,B,67,6702,B670201,간식,떡볶이,가공식품
990,B,67,6702,B670202,간식,튀김,가공식품
991,B,67,6702,B670203,간식,누들,가공식품
992,B,67,6702,B670204,간식,도넛/햄버거,가공식품
993,B,67,6702,B670205,간식,만두,가공식품
994,B,67,6702,B670206,간식,밥류,가공식품
995,B,67,6702,B670207,간식,가스류,가공식품
996,B,67,6702,B670208,간식,볶음류,가공식품
997,B,67,6703,B670301,디저트,베이커리 디저트,가공식품
998,B,67,6703,B670302,디저트,음료,가공식품
999,B,67,6703,B670303,디저트,아이스크림,가공식품
1000,B,67,6703,B670304,디저트,일마레피자,가공식품
1001,B,67,6703,B670305,디저트,엠디월드피자,가공식품
1002,B,67,6703,B670306,디저트,보네스빼피자,가공식품
1003,B,67,6703,B670307,디저트,피자헛익스프레스,가공식품
1004,B,67,6704,B670401,베이커리,피자,가공식품
1005,B,67,6704,B670402,베이커리,보네스빼,가공식품
1006,B,67,6704,B670403,베이커리,빠뮤,가공식품
1007,B,67,6704,B670404,베이커리,VIC마켓피자,가공식품
1008,B,67,6704,B670405,베이커리,VIC베이커리,가공식품
1009,B,72,7201,B720101,잡곡,보리류,농산물
1010,B,72,7201,B720102,잡곡,슈퍼푸드잡곡류,농산물
1011,B,72,7201,B720103,잡곡,잡곡기타,농산물
1012,B,72,7201,B720104,잡곡,찰현미류,농산물
1013,B,72,7201,B720105,잡곡,찹쌀류,농산물
1014,B,72,7201,B720106,잡곡,친환경잡곡,농산물
1015,B,72,7201,B720107,잡곡,콩류,농산물
1016,B,72,7201,B720108,잡곡,현미류,농산물
1017,B,72,7201,B720109,잡곡,혼합잡곡,농산물
1018,B,72,7201,B720110,잡곡,흑미류,농산물
1019,B,72,7202,B720201,선식,곡물스낵,농산물
1020,B,72,7202,B720202,선식,기타선식,농산물
1021,B,72,7202,B720203,선식,다이어트대용식,농산물
1022,B,72,7202,B720204,선식,미숫가루,농산물
1023,B,72,7202,B720205,선식,볶은통곡물,농산물
1024,B,72,7202,B720206,선식,일반선식,농산물
1025,B,72,7202,B720207,선식,하루한끼선식,농산물
1026,B,72,7203,B720301,온라인잡곡선식,온라인잡곡류,농산물
1027,B,73,7301,B730101,포장반찬HMR,볶음/무침반찬,가공식품
1028,B,73,7301,B730102,포장반찬HMR,절임반찬,가공식품
1029,B,73,7301,B730103,포장반찬HMR,조림반찬,가공식품
1030,B,73,7301,B730104,포장반찬HMR,포장젓갈,가공식품
1031,B,57,5701,B570101,선식,미숫가루,농산물
1032,B,57,5701,B570102,선식,일반선식,농산물
1033,B,57,5701,B570103,선식,기타선식,농산물
1034,B,57,5702,B570201,떡,멥쌀떡,가공식품
1035,B,57,5702,B570202,떡,찰떡,가공식품
1036,B,57,5702,B570203,떡,기타떡,가공식품
1037,B,57,5702,B570204,떡,일반떡,가공식품
1038,B,57,5702,B570205,떡,요리떡,가공식품
1039,B,57,5702,B570206,떡,전통과자,가공식품
1040,B,57,5703,B570301,족발,족발,가공식품
1041,B,57,5703,B570302,족발,순대,가공식품
1042,B,58,5801,B580101,족발,즉석족발,가공식품
1043,B,58,5801,B580102,족발,냉장족발,가공식품
1044,B,58,5802,B580201,순대,일반순대,가공식품
1045,B,58,5802,B580202,순대,요리순대,가공식품
1046,B,59,5901,B590101,단무지류,단무지류,가공식품
1047,B,59,5902,B590201,포장반찬,포장반찬,가공식품
1048,B,59,5903,B590301,김치류,김치류,가공식품
1049,B,59,5904,B590401,반찬류,즉석반찬,가공식품
1050,B,59,5904,B590402,반찬류,밑반찬,가공식품
1051,B,59,5905,B590501,포장젓갈,포장젓갈,가공식품
1052,B,60,6001,B600101,젓갈류,젓갈류,가공식품
1053,B,61,6101,B610101,브랜드푸드몰,식사류,가공식품
1054,B,61,6101,B610102,브랜드푸드몰,FAST FOOD,가공식품
1055,B,61,6101,B610103,브랜드푸드몰,디저트류,가공식품
1056,B,61,6102,B610201,간식조리,식사대용,가공식품
1057,B,61,6102,B610202,간식조리,전통간식,가공식품
1058,B,62,6201,B620101,빵,식빵,가공식품
1059,B,62,6201,B620102,빵,과자빵,가공식품
1060,B,62,6201,B620103,빵,바게트,가공식품
1061,B,62,6201,B620104,빵,케익,가공식품
1062,B,62,6201,B620105,빵,선물류,가공식품
1063,B,62,6201,B620106,빵,페스츄리류,가공식품
1064,B,62,6201,B620107,빵,온라인베이커리,가공식품
1065,B,62,6202,B620201,피자,오븐베이크류,가공식품
1066,B,62,6202,B620202,피자,피자,가공식품
1067,B,63,6301,B630101,반찬,김치행사,가공식품
1068,B,63,6301,B630102,반찬,반찬행사,가공식품
1069,B,63,6301,B630103,반찬,젓갈행사,가공식품
1070,B,63,6302,B630201,전통간식,강정행사,가공식품
1071,B,63,6302,B630202,전통간식,떡행사,가공식품
1072,B,63,6302,B630203,전통간식,한과행사,가공식품
1073,B,63,6303,B630301,먹거리,동양식,가공식품
1074,B,63,6303,B630302,먹거리,양식,가공식품
1075,B,63,6303,B630303,먹거리,지역맛집,가공식품
1076,B,63,6303,B630304,먹거리,한식,가공식품
1077,B,63,6303,B630305,먹거리,행사기타,가공식품
1078,B,63,6304,B630401,먹거리행사,반찬류행사,가공식품
1079,B,63,6304,B630402,먹거리행사,일반간식류행사,가공식품
1080,B,63,6305,B630501,시즌행사,강정행사,가공식품
1081,B,63,6305,B630502,시즌행사,한과행사,가공식품
1082,B,63,6306,B630601,맛집행사,테마먹거리,가공식품
1083,B,63,6306,B630602,맛집행사,브랜드먹거리,가공식품
1084,B,63,6307,B630701,즉석구이안주,즉석쥐포,수산물
1085,B,63,6307,B630702,즉석구이안주,즉석오징어,수산물
1086,B,63,6307,B630703,즉석구이안주,즉석어포,수산물
1087,B,63,6308,B630801,즉석구이김,즉석김자반,수산물
1088,B,63,6308,B630802,즉석구이김,즉석김,수산물
1089,B,63,6309,B630901,특산물행사,미역특산물,수산물
1090,B,63,6309,B630902,특산물행사,멸치특산물,수산물
1091,B,63,6309,B630903,특산물행사,김특산물,수산물
1092,B,64,6401,B640101,블루베리,블루베리(기타),농산물
1093,B,64,6401,B640102,블루베리,칠레블루베리,농산물
1094,B,64,6402,B640201,체리,미국 체리,농산물
1095,B,64,6402,B640202,체리,체리 기타,농산물
1096,B,64,6403,B640301,수입포도,미국기타포도,농산물
1097,B,64,6403,B640302,수입포도,미국적포도,농산물
1098,B,64,6403,B640303,수입포도,미국청포도,농산물
1099,B,64,6403,B640304,수입포도,미국혼합포도,농산물
1100,B,64,6403,B640305,수입포도,칠레기타포도,농산물
1101,B,64,6403,B640306,수입포도,칠레적포도,농산물
1102,B,64,6403,B640307,수입포도,칠레청포도,농산물
1103,B,64,6403,B640308,수입포도,칠레혼합포도,농산물
1104,B,64,6403,B640309,수입포도,페루기타포도,농산물
1105,B,64,6403,B640310,수입포도,페루적포도,농산물
1106,B,64,6403,B640311,수입포도,페루청포도,농산물
1107,B,64,6404,B640401,냉동과일,곶감,농산물
1108,B,64,6404,B640402,냉동과일,곶감세트,농산물
1109,B,64,6404,B640403,냉동과일,냉동기타과일,농산물
1110,B,64,6404,B640404,냉동과일,냉동블루베리,농산물
1111,B,64,6404,B640405,냉동과일,냉동열대과일,농산물
1112,B,64,6404,B640406,냉동과일,냉동채소,농산물
1113,B,65,6501,B650101,열대과일기타,망고스틴,농산물
1114,B,65,6501,B650102,열대과일기타,메론기타,농산물
1115,B,65,6501,B650103,열대과일기타,아보카도,농산물
1116,B,65,6501,B650104,열대과일기타,야자,농산물
1117,B,65,6501,B650105,열대과일기타,용과,농산물
1118,B,65,6501,B650106,열대과일기타,허니듀메론,농산물
1119,B,65,6502,B650201,바나나,PB바나나,농산물
1120,B,65,6502,B650202,바나나,고당도바나나,농산물
1121,B,65,6502,B650203,바나나,기타바나나,농산물
1122,B,65,6502,B650204,바나나,일반바나나,농산물
1123,B,65,6503,B650301,파인애플,기타파인애플,농산물
1124,B,65,6503,B650302,파인애플,필리핀파인애플,농산물
1125,B,65,6504,B650401,망고,기타망고,농산물
1126,B,65,6504,B650402,망고,대만애플망고,농산물
1127,B,65,6504,B650403,망고,태국망고,농산물
1128,B,65,6504,B650404,망고,필리핀망고,농산물
1129,B,65,6505,B650501,키위,국산골드키위,농산물
1130,B,65,6505,B650502,키위,국산그린키위,농산물
1131,B,65,6505,B650503,키위,기타키위,농산물
1132,B,65,6505,B650504,키위,뉴질랜드골드키위,농산물
1133,B,65,6505,B650505,키위,뉴질랜드그린키위,농산물
1134,B,65,6505,B650506,키위,이탈리아골드키위,농산물
1135,B,65,6505,B650507,키위,이탈리아그린키위,농산물
1136,B,65,6505,B650508,키위,칠레골드키위,농산물
1137,B,65,6505,B650509,키위,칠레그린키위,농산물
1138,B,65,6506,B650601,열대과일선물세트,열대과일선물세트,농산물
1139,B,67,6701,B670101,피자,VIC피자,가공식품
1140,B,67,6701,B670102,피자,일마레,가공식품
1188,B,38,3801,B380101,해초류,포장해초류,수산물
1189,B,38,3801,B380102,해초류,미역,수산물
1190,B,38,3801,B380103,해초류,파래,수산물
1191,B,38,3801,B380104,해초류,매생이,수산물
1192,B,38,3801,B380105,해초류,톳,수산물
1193,B,38,3801,B380106,해초류,다시마,수산물
1194,B,38,3801,B380107,해초류,기타해초류,수산물
1195,B,38,3802,B380201,나물,생나물,농산물
1196,B,38,3802,B380202,나물,도라지,농산물
1197,B,38,3802,B380203,나물,건나물,농산물
1198,B,38,3802,B380204,나물,삶은나물,농산물
1199,B,38,3802,B380205,나물,해초,농산물
1200,B,38,3802,B380206,나물,고사리,농산물
1201,B,38,3802,B380207,나물,취나물,농산물
1202,B,38,3802,B380208,나물,기타나물,농산물
1203,B,38,3803,B380301,콩나물,콩나물,농산물
1204,B,38,3803,B380302,콩나물,숙주나물,농산물
1205,B,38,3803,B380303,콩나물,국산콩나물,농산물
1206,B,38,3803,B380304,콩나물,수입콩나물,농산물
1207,B,38,3803,B380305,콩나물,풀무원콩나물,농산물
1208,B,38,3803,B380306,콩나물,대상종가집콩나물,농산물
1209,B,38,3803,B380307,콩나물,씨제이콩나물,농산물
1210,B,38,3804,B380401,두부,두부,농산물
1211,B,38,3804,B380402,두부,가공두부,농산물
1212,B,38,3804,B380403,두부,겸용두부,농산물
1213,B,38,3804,B380404,두부,부침두부,농산물
1214,B,38,3804,B380405,두부,연두부,농산물
1215,B,38,3804,B380406,두부,찌개두부,농산물
1216,B,38,3804,B380407,두부,풀무원두부,농산물
1217,B,38,3804,B380408,두부,대상종가집두부,농산물
1218,B,38,3804,B380409,두부,씨제이두부,농산물
1219,B,38,3805,B380501,간편채소,샐러드,농산물
1220,B,38,3805,B380502,간편채소,간편양념,농산물
1221,B,38,3805,B380503,간편채소,간편구색,농산물
1222,B,38,3805,B380504,간편채소,드레싱,농산물
1223,B,38,3806,B380601,묵,묵,가공식품
1224,B,38,3806,B380602,묵,풀무원 묵,가공식품
1225,B,38,3806,B380603,묵,대상종가집 묵,가공식품
1226,B,38,3807,B380701,즉석참기름,즉석참기름,가공식품
1227,B,38,3808,B380801,묵/즉석참기름,묵,가공식품
1228,B,38,3808,B380802,묵/즉석참기름,즉석참기름,가공식품
1229,B,43,4301,B430101,어묵맛살,어묵,가공식품
1230,B,43,4301,B430102,어묵맛살,맛살,가공식품
1231,B,43,4301,B430103,어묵맛살,유부,가공식품
1232,B,43,4301,B430104,어묵맛살,곤약,가공식품
1233,B,43,4301,B430105,어묵맛살,김밥재료묶음,가공식품
1234,B,43,4302,B430201,냉장면류,냉장면,가공식품
1235,B,43,4302,B430202,냉장면류,냉장떡,가공식품
1236,B,43,4303,B430301,햄소시지,햄,가공식품
1237,B,43,4303,B430302,햄소시지,소시지,가공식품
1238,B,43,4303,B430303,햄소시지,햄세트,가공식품
1239,B,43,4304,B430401,냉장반찬,단무지,가공식품
1240,B,43,4304,B430402,냉장반찬,포장김치,가공식품
1241,B,43,4304,B430403,냉장반찬,냉장간편식,가공식품
1242,B,43,4304,B430404,냉장반찬,냉장장류,가공식품
1243,B,43,4304,B430405,냉장반찬,온라인 냉장반찬,가공식품
1244,B,43,4305,B430501,냉동만두,물만두,가공식품
1245,B,80,8003,B800302,천연조미료,어간장,수산물
1246,B,80,8003,B800303,천연조미료,원물가루,수산물
1247,B,80,8004,B800401,황태,황태채,수산물
1248,B,80,8004,B800402,황태,황태포,수산물
1249,B,80,8005,B800501,미역/다시마,다시마,수산물
1250,B,80,8005,B800502,미역/다시마,미역,수산물
1251,B,80,8006,B800601,멸치황태미역선물세트,멸치세트,수산물
1252,B,81,8101,B810101,즉석구이김,즉석김,수산물
1253,B,81,8101,B810102,즉석구이김,즉석김자반,수산물
1254,B,81,8102,B810201,마른김,김밥김,수산물
1255,B,81,8102,B810202,마른김,마른김,수산물
1256,B,81,8103,B810301,조미김,식탁김,수산물
1257,B,81,8103,B810302,조미김,외국인특화김,수산물
1258,B,81,8103,B810303,조미김,전장김,수산물
1259,B,81,8104,B810401,김가공품,김가공품,수산물
1260,B,81,8104,B810402,김가공품,김자반,수산물
1261,B,81,8104,B810403,김가공품,부각,수산물
1262,B,81,8105,B810501,김선물세트,김선물세트,수산물
1263,B,82,8201,B820101,미국산소고기,미국산냉동소고기,육류
1264,B,82,8201,B820102,미국산소고기,미국산초이스등급소고기,육류
1265,B,82,8201,B820103,미국산소고기,미국산프라임등급소고기,육류
1266,B,82,8202,B820201,호주산소고기,호주산곡물비육,육류
1267,B,82,8202,B820202,호주산소고기,호주산냉동소고기,육류
1268,B,82,8202,B820203,호주산소고기,호주산목초비육,육류
1269,B,82,8202,B820204,호주산소고기,호주산와규,육류
1270,B,82,8202,B820205,호주산소고기,호주산흑소,육류
1271,B,82,8203,B820301,수입육선물세트,수입냉동선물세트,육류
1272,B,82,8203,B820302,수입육선물세트,수입냉장선물세트,육류
1273,B,82,8204,B820401,수입돼지고기,맥시코산돼지고기,육류
1274,B,82,8204,B820402,수입돼지고기,미국산돼지고기,육류
1275,B,82,8204,B820403,수입돼지고기,유럽산돼지고기,육류
1276,B,82,8204,B820404,수입돼지고기,호주산돼지고기,육류
1277,B,82,8205,B820501,기타국소고기,뉴질랜드산소고기,육류
1278,B,82,8205,B820502,기타국소고기,수입산양고기,육류
1279,B,82,8205,B820503,기타국소고기,기타국소고기,육류
1280,B,82,8205,B820504,기타국소고기,캐나다산소고기,육류
1281,B,83,8301,B830101,양념육,닭/오리양념육,육류
1282,B,83,8301,B830102,양념육,돼지양념육,육류
1283,B,83,8301,B830103,양념육,소양념육,육류
1284,B,83,8301,B830104,양념육,냉동양념육,육류
1285,B,83,8302,B830201,육가공품,돈가스,가공식품
1286,B,83,8302,B830202,육가공품,소시지,가공식품
1287,B,83,8302,B830203,육가공품,스테이크,가공식품
1288,B,83,8302,B830204,육가공품,햄류,가공식품
1289,B,83,8302,B830205,육가공품,냉동육가공품,가공식품
1290,B,89,8901,B890101,계란,메추리알,육류
1291,B,89,8901,B890102,계란,브랜드란,육류
1292,B,89,8901,B890103,계란,일반란,육류
1293,B,89,8901,B890104,계란,차별화계란,육류
1294,B,89,8902,B890201,가공란,가공계란,육류
1295,B,89,8902,B890202,가공란,가공메추리알,육류
1296,B,91,9101,B910101,양념채소,건고추,농산물
1297,B,91,9101,B910102,양념채소,기타양념,농산물
1298,B,91,9101,B910103,양념채소,대파,농산물
1299,B,91,9101,B910104,양념채소,마늘,농산물
1300,B,91,9101,B910105,양념채소,마늘쫑,농산물
1301,B,91,9101,B910106,양념채소,생강,농산물
1302,B,91,9101,B910107,양념채소,양파,농산물
1303,B,91,9101,B910108,양념채소,쪽파,농산물
1304,B,91,9101,B910109,양념채소,친환경양념채소,농산물
1305,B,91,9102,B910201,뿌리채소,감자,농산물
1306,B,91,9102,B910202,뿌리채소,고구마,농산물
1307,B,91,9102,B910203,뿌리채소,기타뿌리채소,농산물
1308,B,91,9102,B910204,뿌리채소,당근,농산물
1309,B,91,9102,B910205,뿌리채소,마,농산물
1310,B,91,9102,B910206,뿌리채소,연근,농산물
1311,B,91,9102,B910207,뿌리채소,우엉,농산물
1312,B,91,9102,B910208,뿌리채소,친환경 뿌리채소,농산물
1313,B,91,9102,B910209,뿌리채소,친환경뿌리채소,농산물
1314,B,91,9103,B910301,온라인양념/뿌리채소,온라인뿌리채소,농산물
1315,B,92,9201,B920101,사과,PB사과,농산물
1316,B,92,9201,B920102,사과,부사,농산물
1317,B,92,9201,B920103,사과,사과기타,농산물
1318,B,92,9201,B920104,사과,아오리사과,농산물
1319,B,92,9201,B920105,사과,햇사과,농산물
1320,B,92,9202,B920201,배,배기타,농산물
1321,B,92,9202,B920202,배,신고,농산물
1322,B,92,9202,B920203,배,햇배,농산물
1323,B,92,9203,B920301,국산과일선물세트,배세트,농산물
1324,B,92,9203,B920302,국산과일선물세트,사과배세트,농산물
1325,B,92,9203,B920303,국산과일선물세트,사과세트,농산물
1326,B,92,9203,B920304,국산과일선물세트,친환경과일세트,농산물
1327,B,92,9203,B920305,국산과일선물세트,혼합세트,농산물
1328,B,92,9204,B920401,온라인저장과일,온라인구색과일,농산물
1329,B,92,9205,B920501,구색과일,구색과일기타,농산물
1330,B,92,9205,B920502,구색과일,국산체리,농산물
1331,B,92,9205,B920503,구색과일,매실,농산물
1332,B,92,9205,B920504,구색과일,모과,농산물
1333,B,92,9205,B920505,구색과일,무화과,농산물
1334,B,92,9205,B920506,구색과일,살구,농산물
1335,B,92,9205,B920507,구색과일,쇼케이스과일,농산물
1336,B,92,9205,B920508,구색과일,유자,농산물
1337,B,92,9205,B920509,구색과일,친환경구색과일,농산물
1338,B,92,9206,B920601,밤,밤기타,농산물
1339,B,92,9206,B920602,밤,생율,농산물
1340,B,92,9206,B920603,밤,피밤,농산물
1341,C,01,0101,C010101,국산과일,사과,농산물
1342,C,01,0101,C010102,국산과일,배,농산물
1343,C,01,0101,C010103,국산과일,감,농산물
1344,C,01,0101,C010104,국산과일,귤류,농산물
1345,C,01,0101,C010105,국산과일,유자/모과,농산물
1346,C,01,0101,C010106,국산과일,복숭아,농산물
1347,C,01,0101,C010107,국산과일,자두,농산물
1348,C,01,0101,C010108,국산과일,살구,농산물
1349,C,01,0101,C010109,국산과일,매실,농산물
1350,C,01,0101,C010110,국산과일,딸기,농산물
1351,C,01,0101,C010111,국산과일,포도,농산물
1352,C,01,0101,C010112,국산과일,무화과,농산물
1353,C,01,0101,C010113,국산과일,수박,농산물
1354,C,01,0101,C010114,국산과일,참외,농산물
1355,C,01,0101,C010115,국산과일,메론,농산물
1356,C,01,0101,C010116,국산과일,토마토,농산물
1357,C,01,0101,C010117,국산과일,방울토마토,농산물
1358,C,01,0101,C010118,국산과일,기타국산과일류,농산물
1359,C,01,0101,C010119,국산과일,사과선물세트,농산물
1360,C,01,0101,C010120,국산과일,배선물세트,농산물
1361,C,01,0101,C010121,국산과일,혼합과일선물세트,농산물
1362,C,01,0101,C010122,국산과일,기타과일선물세트,농산물
1363,C,01,0102,C010201,수입과일,블루베리,농산물
1364,C,01,0102,C010202,수입과일,수입포도,농산물
1365,C,01,0102,C010203,수입과일,레몬,농산물
1366,C,01,0102,C010204,수입과일,망고,농산물
1367,C,01,0102,C010205,수입과일,망고스틴,농산물
1368,C,01,0102,C010206,수입과일,바나나,농산물
1369,C,01,0102,C010207,수입과일,아보카도,농산물
1370,C,01,0102,C010208,수입과일,야자,농산물
1371,C,01,0102,C010209,수입과일,오렌지,농산물
1372,C,01,0102,C010210,수입과일,용과,농산물
1373,C,01,0102,C010211,수입과일,자몽,농산물
1374,C,01,0102,C010212,수입과일,체리,농산물
1375,C,01,0102,C010213,수입과일,키위,농산물
1376,C,01,0102,C010214,수입과일,파인애플,농산물
1377,C,01,0102,C010215,수입과일,기타수입과일,농산물
1378,C,01,0102,C010216,수입과일,간편과일,농산물
1379,C,01,0103,C010301,냉동과일,냉동망고,농산물
1380,C,01,0103,C010302,냉동과일,냉동베리류,농산물
1381,C,01,0103,C010303,냉동과일,냉동홍시,농산물
1382,C,01,0103,C010304,냉동과일,기타냉동과일류,농산물
1383,C,01,0104,C010401,건과일,곶감,농산물
1384,C,01,0104,C010402,건과일,기타건과일,농산물
1385,C,01,0104,C010403,건과일,곶감선물세트,농산물
1386,C,01,0105,C010501,견과류,밤,농산물
1387,C,01,0105,C010502,견과류,땅콩,농산물
1388,C,01,0105,C010503,견과류,호두,농산물
1389,C,01,0105,C010504,견과류,잣,농산물
1390,C,01,0105,C010505,견과류,피스타치오,농산물
1391,C,01,0105,C010506,견과류,아몬드,농산물
1392,C,01,0105,C010507,견과류,캐슈넛,농산물
1393,C,01,0105,C010508,견과류,혼합견과,농산물
1394,C,01,0105,C010509,견과류,기타견과류,농산물
1395,C,02,0201,C020101,양곡,일반미,농산물
1396,C,02,0201,C020102,양곡,기능성미,농산물
1397,C,02,0201,C020103,양곡,즉석도정미,농산물
1398,C,02,0202,C020201,잡곡,보리,농산물
1399,C,02,0202,C020202,잡곡,현미,농산물
1400,C,02,0202,C020203,잡곡,찹쌀,농산물
1401,C,02,0202,C020204,잡곡,흑미,농산물
1402,C,02,0202,C020205,잡곡,콩,농산물
1403,C,02,0202,C020206,잡곡,조/수수,농산물
1404,C,02,0202,C020207,잡곡,혼합잡곡,농산물
1405,C,02,0202,C020208,잡곡,기타잡곡류,농산물
1406,C,02,0203,C020301,선식류,미숫가루,농산물
1407,C,02,0203,C020302,선식류,선식,농산물
1408,C,03,0301,C030101,엽채류,미나리,농산물
1409,C,03,0301,C030102,엽채류,부추,농산물
1410,C,03,0301,C030103,엽채류,상추,농산물
1411,C,03,0301,C030104,엽채류,시금치,농산물
1412,C,03,0301,C030105,엽채류,대파,농산물
1413,C,03,0301,C030106,엽채류,쪽파류,농산물
1414,C,03,0301,C030107,엽채류,쌈채소류,농산물
1415,C,03,0301,C030108,엽채류,쑥갓,농산물
1416,C,03,0301,C030109,엽채류,깻잎,농산물
1417,C,03,0301,C030110,엽채류,근대/아욱,농산물
1418,C,03,0301,C030111,엽채류,기타잎채소,농산물
1419,C,03,0302,C030201,과채류,가지,농산물
1420,C,03,0302,C030202,과채류,고추,농산물
1421,C,03,0302,C030203,과채류,건고추,농산물
1422,C,03,0302,C030204,과채류,오이,농산물
1423,C,03,0302,C030205,과채류,옥수수,농산물
1424,C,03,0302,C030206,과채류,파프리카/피망,농산물
1425,C,03,0302,C030207,과채류,단호박,농산물
1426,C,03,0302,C030208,과채류,애호박,농산물
1427,C,03,0302,C030209,과채류,여주,농산물
1428,C,03,0302,C030210,과채류,기타열매채소,농산물
1429,C,03,0303,C030301,근채류,감자,농산물
1430,C,03,0303,C030302,근채류,고구마,농산물
1431,C,03,0303,C030303,근채류,당근,농산물
1432,C,03,0303,C030304,근채류,생강,농산물
1433,C,03,0303,C030305,근채류,연근,농산물
1434,C,03,0303,C030306,근채류,우엉,농산물
1435,C,03,0303,C030307,근채류,마,농산물
1436,C,03,0303,C030308,근채류,기타뿌리채소,농산물
1437,C,05,0501,C050107,국내산우육,한우설도,육류
1438,C,05,0501,C050108,국내산우육,한우양지,육류
1439,C,05,0501,C050109,국내산우육,한우사태,육류
1440,C,05,0501,C050110,국내산우육,한우갈비,육류
1441,C,05,0501,C050111,국내산우육,한우부산물,육류
1442,C,05,0501,C050112,국내산우육,한우정육,육류
1443,C,05,0501,C050113,국내산우육,한우지육,육류
1444,C,05,0501,C050114,국내산우육,한우선물세트,육류
1445,C,05,0502,C050201,국내산돈육,국산돼지안심,육류
1446,C,05,0502,C050202,국내산돈육,국산돼지등심,육류
1447,C,05,0502,C050203,국내산돈육,국산돼지등심덧살,육류
1448,C,05,0502,C050204,국내산돈육,국산돼지목심,육류
1449,C,05,0502,C050205,국내산돈육,국산돼지앞다리,육류
1450,C,05,0502,C050206,국내산돈육,국산돼지사태,육류
1451,C,05,0502,C050207,국내산돈육,국산돼지항정살,육류
1452,C,05,0502,C050208,국내산돈육,국산돼지뒷다리,육류
1453,C,05,0502,C050209,국내산돈육,국산돼지삼겹살,육류
1454,C,05,0502,C050210,국내산돈육,국산돼지갈매기살,육류
1455,C,05,0502,C050211,국내산돈육,국산돼지등갈비,육류
1456,C,05,0502,C050212,국내산돈육,국산돼지갈비,육류
1457,C,05,0502,C050213,국내산돈육,국산돼지부산물,육류
1458,C,05,0503,C050301,국내산계육,삼계탕용닭,육류
1459,C,05,0503,C050302,국내산계육,볶음탕용닭,육류
1460,C,05,0503,C050303,국내산계육,닭다리,육류
1461,C,05,0503,C050304,국내산계육,닭가슴살,육류
1462,C,05,0503,C050305,국내산계육,닭안심,육류
1463,C,05,0503,C050306,국내산계육,닭아랫날개(윙),육류
1464,C,05,0503,C050307,국내산계육,닭윗날개(봉),육류
1465,C,05,0503,C050308,국내산계육,닭근위,육류
1466,C,05,0503,C050309,국내산계육,닭정육,육류
1467,C,05,0503,C050310,국내산계육,오리고기,육류
1468,C,05,0504,C050401,수입우육,미국산소갈비,육류
1469,C,05,0504,C050402,수입우육,미국산소목심,육류
1470,C,05,0504,C050403,수입우육,미국산소등심,육류
1471,C,05,0504,C050404,수입우육,미국산소앞다리,육류
1472,C,05,0504,C050405,수입우육,미국산소양지,육류
1473,C,05,0504,C050406,수입우육,미국산소토시살,육류
1474,C,05,0504,C050407,수입우육,미국산소기타육,육류
1475,C,05,0504,C050408,수입우육,호주산소갈비,육류
1476,C,05,0504,C050409,수입우육,호주산소목심,육류
1477,C,05,0504,C050410,수입우육,호주산소등심,육류
1478,C,05,0504,C050411,수입우육,호주산소채끝,육류
1479,C,05,0504,C050412,수입우육,호주산소안심,육류
1480,C,05,0504,C050413,수입우육,호주산소설도,육류
1481,C,05,0504,C050414,수입우육,호주산소앞다리,육류
1482,C,05,0504,C050415,수입우육,호주산소양지,육류
1483,C,05,0504,C050416,수입우육,호주산소우둔,육류
1484,C,05,0504,C050417,수입우육,호주산소사태,육류
1485,C,05,0504,C050418,수입우육,호주산소안창살,육류
1486,C,05,0504,C050419,수입우육,호주산소토시살,육류
1487,C,05,0504,C050420,수입우육,호주산소기타육,육류
1488,C,05,0504,C050421,수입우육,수입산소갈비,육류
1489,C,05,0504,C050422,수입우육,수입산소목심,육류
1490,C,05,0504,C050423,수입우육,수입산소사태,육류
1491,C,05,0504,C050424,수입우육,수입소고기선물세트,육류
1492,C,05,0505,C050501,수입돈육,수입돼지삼겹살,육류
1493,C,05,0505,C050502,수입돈육,수입돼지목심,육류
1494,C,05,0505,C050503,수입돈육,수입돼지정육,육류
1495,C,05,0506,C050601,기타축산,닭/오리양념육,육류
1496,C,05,0506,C050602,기타축산,돼지양념육,육류
1497,C,05,0506,C050603,기타축산,소양념육,육류
1498,C,05,0506,C050604,기타축산,기타양념육,육류
1499,C,05,0506,C050605,기타축산,돈가스,육류
1500,C,06,0601,C060101,반찬류,즉석김치류,가공식품
1501,C,06,0601,C060102,반찬류,즉석조림반찬,가공식품
1502,C,06,0601,C060103,반찬류,즉석절임반찬,가공식품
1503,C,06,0601,C060104,반찬류,즉석볶음반찬,가공식품
1504,C,06,0601,C060105,반찬류,즉석무침반찬,가공식품
1505,C,06,0601,C060106,반찬류,즉석국탕,가공식품
1506,C,06,0601,C060107,반찬류,즉석나물/부침,가공식품
1507,C,06,0601,C060108,반찬류,즉석반찬원부재료,가공식품
1508,C,06,0602,C060201,간편간식,치킨류,가공식품
1509,C,06,0602,C060202,간편간식,튀김류,가공식품
1510,C,06,0602,C060203,간편간식,훈제/로스트,가공식품
1511,C,06,0602,C060204,간편간식,족발,가공식품
1512,C,06,0602,C060205,간편간식,즉석어묵,가공식품
1513,C,06,0602,C060206,간편간식,온장조리원부재료,가공식품
1514,C,06,0603,C060301,식사류,김밥,가공식품
1515,C,06,0603,C060302,식사류,롤,가공식품
1516,C,06,0603,C060303,식사류,삼각김밥,가공식품
1517,C,06,0603,C060304,식사류,초밥류,가공식품
1518,C,06,0603,C060305,식사류,도시락,가공식품
1519,C,06,0603,C060306,식사류,샐러드,가공식품
1520,C,06,0603,C060307,식사류,샌드위치,가공식품
1521,C,06,0603,C060308,식사류,햄버거,가공식품
1522,C,06,0603,C060309,식사류,냉장조리원부재료,가공식품
1523,C,06,0604,C060401,베이커리,식빵,가공식품
1524,C,06,0604,C060402,베이커리,일반빵,가공식품
1525,C,06,0604,C060403,베이커리,호빵찐빵,가공식품
1526,C,06,0604,C060404,베이커리,식빵류,가공식품
1527,C,06,0604,C060405,베이커리,페스츄리류,가공식품
1528,C,06,0604,C060406,베이커리,베이커리일반빵,가공식품
1529,C,06,0604,C060407,베이커리,선물류,가공식품
1530,C,06,0605,C060501,기타조리식품,한과,가공식품
1531,C,06,0605,C060502,기타조리식품,피자,가공식품
1532,C,06,0605,C060503,기타조리식품,기타온장조리,가공식품
1533,C,06,0605,C060504,기타조리식품,기타냉장조리,가공식품
1534,C,06,0605,C060505,기타조리식품,요리떡,가공식품
1535,C,06,0605,C060506,기타조리식품,일반떡,가공식품
1536,C,07,0701,C070101,우유,일반우유,음료
1537,C,07,0701,C070102,우유,기능성우유,음료
1538,C,07,0701,C070103,우유,가공우유,음료
1539,C,07,0701,C070104,우유,크림/연유,음료
1540,C,07,0702,C070201,발효유,일반요구르트,음료
1541,C,07,0702,C070202,발효유,마시는요구르트,음료
1542,C,07,0702,C070203,발효유,떠먹는요구르트,음료
1543,C,07,0703,C070301,치즈버터,버터/마가린,가공식품
1544,C,07,0703,C070302,치즈버터,치즈,가공식품
1545,C,07,0704,C070401,냉장음료,냉장커피차음료,음료
1546,C,07,0704,C070402,냉장음료,냉장과일야채음료,음료
1547,C,07,0704,C070403,냉장음료,냉장곡물견과음료,음료
1548,C,08,0801,C080101,냉장농산,김치류,가공식품
1549,C,08,0801,C080102,냉장농산,단무지,가공식품
1550,C,08,0801,C080103,냉장농산,냉장드레싱,가공식품
1551,C,08,0802,C080201,냉장수산,어묵,가공식품
1552,C,08,0802,C080202,냉장수산,맛살,가공식품
1553,C,08,0802,C080203,냉장수산,곤약,가공식품
1554,C,08,0802,C080204,냉장수산,유부,가공식품
1555,C,08,0802,C080205,냉장수산,김밥재료세트,가공식품
1556,C,08,0803,C080301,냉장축산,햄,가공식품
1557,C,08,0803,C080302,냉장축산,햄선물세트,육류
1558,C,08,0803,C080303,냉장축산,베이컨,가공식품
1559,C,08,0803,C080304,냉장축산,소시지,가공식품
1560,C,09,0901,C090101,아이스크림,바아이스크림,가공식품
1561,C,09,0901,C090102,아이스크림,튜브아이스크림,가공식품
1562,C,09,0901,C090103,아이스크림,콘아이스크림,가공식품
1563,C,09,0901,C090104,아이스크림,모나카,가공식품
1564,C,09,0901,C090105,아이스크림,컵아이스크림,가공식품
1565,C,09,0901,C090106,아이스크림,홈아이스크림,가공식품
1566,C,09,0901,C090107,아이스크림,아이스크림케이크,가공식품
1567,C,09,0901,C090108,아이스크림,얼음,가공식품
1568,C,09,0902,C090201,만두,냉동만두,가공식품
1569,C,10,1001,C100101,냉장간식MS,푸딩/젤리,가공식품
1570,C,10,1001,C100102,냉장간식MS,빵/케이크,가공식품
1571,C,10,1001,C100103,냉장간식MS,냉장핫도그/핫바류,가공식품
1572,C,10,1001,C100104,냉장간식MS,냉장치킨족발류,가공식품
1573,C,10,1001,C100105,냉장간식MS,냉장국탕류,가공식품
1574,C,10,1001,C100106,냉장간식MS,냉장안주,가공식품
1575,C,10,1001,C100107,냉장간식MS,기타냉장간편식,가공식품
1576,C,10,1002,C100201,냉장식사MS,냉장밥/죽,가공식품
1577,C,10,1002,C100202,냉장식사MS,냉장면,가공식품
1578,C,10,1002,C100203,냉장식사MS,냉장떡,가공식품
1579,C,10,1002,C100204,냉장식사MS,냉장간편떡볶이,가공식품
1580,C,10,1003,C100301,냉장기타MS,절임반찬,가공식품
1581,C,10,1003,C100302,냉장기타MS,조림반찬,가공식품
1582,C,10,1003,C100303,냉장기타MS,볶음반찬,가공식품
1583,C,10,1003,C100304,냉장기타MS,무침반찬,가공식품
1584,C,10,1003,C100305,냉장기타MS,젓갈,가공식품
1585,C,10,1003,C100306,냉장기타MS,냉장장류,가공식품
1586,C,10,1004,C100401,냉동MS,해물찌개/탕,가공식품
1587,C,10,1004,C100402,냉동MS,냉동밥,가공식품
1588,C,10,1004,C100403,냉동MS,냉동면,가공식품
1589,C,10,1004,C100404,냉동MS,냉동피자,가공식품
1590,C,10,1004,C100405,냉동MS,냉동핫도그,가공식품
1591,C,10,1004,C100406,냉동MS,냉동튀김,가공식품
1592,C,10,1004,C100407,냉동MS,냉동부침,가공식품
1593,C,10,1004,C100408,냉동MS,냉동국탕류,가공식품
1594,C,10,1004,C100409,냉동MS,냉동디저트,가공식품
1595,C,10,1004,C100410,냉동MS,냉동떡볶이,가공식품
1596,C,11,1101,C110101,생수,생수,음료
1597,C,11,1102,C110201,탄산음료,탄산수,음료
1598,C,11,1102,C110202,탄산음료,사이다,음료
1599,C,11,1102,C110203,탄산음료,콜라,음료
1600,C,11,1102,C110204,탄산음료,혼합탄산,음료
1601,C,11,1102,C110205,탄산음료,무알콜맥주,음료
1602,C,11,1103,C110301,과채음료,과일음료,음료
1603,C,11,1103,C110302,과채음료,채소음료,음료
1604,C,11,1103,C110303,과채음료,과채혼합음료,음료
1605,C,11,1103,C110304,과채음료,어린이음료,음료
1606,C,11,1103,C110305,과채음료,과채음료세트,음료
1607,C,11,1104,C110401,커피음료,커피음료,음료
1608,C,11,1104,C110402,커피음료,파우치/즉석음료,음료
1609,C,11,1105,C110501,차음료,일반차음료,음료
1610,C,11,1105,C110502,차음료,전통차음료,음료
1611,C,11,1106,C110601,기능성음료,스포츠음료,음료
1612,C,11,1106,C110602,기능성음료,비타민/에너지음료,음료
1613,C,11,1106,C110603,기능성음료,식이섬유음료,음료
1614,C,11,1106,C110604,기능성음료,한방음료,음료
1615,C,11,1106,C110605,기능성음료,숙취해소음료,음료
1616,C,11,1106,C110606,기능성음료,기타기능성음료,음료
1617,C,11,1106,C110607,기능성음료,기능성음료세트,음료
1618,C,11,1107,C110701,두유,일반두유,음료
1619,C,11,1107,C110702,두유,유아두유,음료
1620,C,11,1107,C110703,두유,기타음료세트,음료
1621,C,12,1201,C120101,소주,일반소주,주류
1622,C,12,1201,C120102,소주,칵테일소주,주류
1623,C,12,1201,C120103,소주,담금소주,주류
1624,C,12,1202,C120201,맥주,국산맥주,주류
1625,C,12,1202,C120202,맥주,수입맥주,주류
1626,C,12,1203,C120301,와인,레드와인,주류
1627,C,12,1203,C120302,와인,화이트와인,주류
1628,C,12,1203,C120303,와인,스파클링와인,주류
1629,C,12,1203,C120304,와인,와인세트,주류
1630,C,12,1204,C120401,양주,위스키,주류
1631,C,12,1204,C120402,양주,브랜디/꼬냑,주류
1632,C,12,1204,C120403,양주,리큐르,주류
1633,C,12,1204,C120404,양주,기타양주,주류
1634,C,12,1205,C120501,전통주,막걸리,주류
1635,C,12,1205,C120502,전통주,청주,주류
1636,C,12,1205,C120503,전통주,과실주/담금주,주류
1637,C,12,1205,C120504,전통주,중국술,주류
1638,C,12,1205,C120505,전통주,일본술,주류
1639,C,12,1205,C120506,전통주,기타전통주,주류
1640,C,12,1205,C120507,전통주,전통주세트,주류
1641,C,12,1206,C120601,기타음주류,공병/공박스,주류
1642,C,13,1301,C130101,병통조림,채소병통조림,가공식품
1643,C,13,1301,C130102,병통조림,과일병통조림,가공식품
1644,C,13,1301,C130103,병통조림,참치통조림,가공식품
1645,C,13,1301,C130104,병통조림,골뱅이통조림,가공식품
1646,C,13,1301,C130105,병통조림,꽁치고등어통조림,가공식품
1647,C,13,1301,C130106,병통조림,연어통조림,가공식품
1648,C,13,1301,C130107,병통조림,기타수산통조림,가공식품
1649,C,13,1301,C130108,병통조림,햄통조림,가공식품
1650,C,13,1301,C130109,병통조림,닭고기통조림,가공식품
1651,C,13,1301,C130110,병통조림,기타축산통조림,가공식품
1652,C,13,1301,C130111,병통조림,햄통조림세트,가공식품
1653,C,13,1301,C130112,병통조림,참치통조림세트,가공식품
1654,C,13,1301,C130113,병통조림,통조림혼합세트,가공식품
1655,C,13,1301,C130114,병통조림,연어통조림세트,가공식품
1656,C,13,1301,C130115,병통조림,과일잼,가공식품
1657,C,13,1301,C130116,병통조림,스프레드,가공식품
1658,C,13,1302,C130201,커피류,티백/드립원두커피,음료
1659,C,13,1302,C130202,커피류,캡슐원두커피,음료
1660,C,13,1302,C130203,커피류,분쇄/홀빈원두커피,음료
1661,C,13,1302,C130204,커피류,스틱원두커피,음료
1662,C,13,1302,C130205,커피류,용기/리필커피,음료
1663,C,13,1302,C130206,커피류,믹스커피,음료
1664,C,13,1302,C130207,커피류,아이스믹스커피,음료
1665,C,13,1302,C130208,커피류,컵커피차류,음료
1666,C,13,1302,C130209,커피류,커피크리머,음료
1667,C,13,1302,C130210,커피류,커피세트,음료
1668,C,13,1303,C130301,담배,수입담배,주류
1669,C,13,1303,C130302,담배,국산담배,주류
1670,C,13,1304,C130401,분유,분유,가공식품
1671,C,13,1304,C130402,분유,이유식,가공식품
1672,C,13,1304,C130403,분유,유아과자,가공식품
1673,C,13,1304,C130404,분유,유아음료,가공식품
1674,C,13,1305,C130501,차류,식수용차,음료
1675,C,13,1305,C130502,차류,녹차/홍차,음료
1676,C,13,1305,C130503,차류,과실차,음료
1677,C,13,1305,C130504,차류,곡물/견과차,음료
1678,C,13,1305,C130505,차류,허브/꽃차,음료
1679,C,13,1305,C130506,차류,전통/한방차,음료
1680,C,13,1305,C130507,차류,코코아,음료
1681,C,13,1305,C130508,차류,아이스티,음료
1682,C,13,1305,C130509,차류,차세트,음료
1683,C,13,1306,C130601,건강식품,일반비타민,가공식품
1684,C,13,1306,C130602,건강식품,유산균/프로바이오틱스,가공식품
1685,C,13,1306,C130603,건강식품,건강보조식품세트,가공식품
1686,C,13,1306,C130604,건강식품,홍삼세트,가공식품
1687,C,13,1306,C130605,건강식품,홍삼/인삼혼합세트,가공식품
1688,C,13,1306,C130606,건강식품,토종꿀,가공식품
1689,C,13,1306,C130607,건강식품,양봉꿀,가공식품
1690,C,13,1306,C130608,건강식품,꿀세트,가공식품
1691,C,13,1307,C130701,즉석식품,즉석카레짜장,가공식품
1692,C,13,1307,C130702,즉석식품,즉석덮밥류,가공식품
1693,C,13,1307,C130703,즉석식품,즉석밥,가공식품
1694,C,13,1307,C130704,즉석식품,즉석컵밥,가공식품
1695,C,13,1307,C130705,즉석식품,즉석죽,가공식품
1696,C,13,1307,C130706,즉석식품,즉석스프,가공식품
1697,C,13,1307,C130707,즉석식품,즉석누룽지,가공식품
1698,C,13,1307,C130708,즉석식품,즉석면류,가공식품
1699,C,13,1307,C130709,즉석식품,즉석국/찌개,가공식품
1700,C,13,1307,C130710,즉석식품,기타레토르트,가공식품
1701,C,13,1307,C130711,즉석식품,분말카레짜장,가공식품
1702,C,13,1307,C130712,즉석식품,분말스프,가공식품
1703,C,13,1308,C130801,가공건식품,맛밤류,가공식품
1704,C,13,1308,C130802,가공건식품,안주용육포류,가공식품
1705,C,13,1308,C130803,가공건식품,기타간식/안주형과자,가공식품
1706,C,14,1401,C140101,장류,간장,가공식품
1707,C,14,1401,C140102,장류,된장,가공식품
1708,C,14,1401,C140103,장류,고추장,가공식품
1709,C,14,1401,C140104,장류,쌈장,가공식품
1710,C,14,1401,C140105,장류,기타장류,가공식품
1711,C,14,1402,C140201,식용유,콩기름,가공식품
1712,C,14,1402,C140202,식용유,옥수수기름,가공식품
1713,C,14,1402,C140203,식용유,참기름/들기름,가공식품
1714,C,14,1402,C140204,식용유,올리브유,가공식품
1715,C,14,1402,C140205,식용유,포도씨유,가공식품
1716,C,14,1402,C140206,식용유,카놀라유,가공식품
1717,C,14,1402,C140207,식용유,해바라기씨유,가공식품
1718,C,14,1402,C140208,식용유,기타식용유,가공식품
1719,C,14,1402,C140209,식용유,식용유세트,가공식품
1720,C,14,1403,C140301,조미료,소금,가공식품
1721,C,14,1403,C140302,조미료,식초,가공식품
1722,C,14,1403,C140303,조미료,음용식초,가공식품
1723,C,14,1403,C140304,조미료,액젓,가공식품
1724,C,14,1403,C140305,조미료,가공조미료,가공식품
1725,C,14,1403,C140306,조미료,자연조미료,가공식품
1726,C,14,1403,C140307,조미료,액상조미료,가공식품
1727,C,14,1403,C140308,조미료,고춧가루,가공식품
1728,C,14,1403,C140309,조미료,후추,가공식품
1729,C,14,1403,C140310,조미료,겨자/고추냉이,가공식품
1730,C,14,1403,C140311,조미료,깨,가공식품
1731,C,14,1403,C140312,조미료,허브류,가공식품
1732,C,14,1403,C140313,조미료,기타향신료,가공식품
1733,C,14,1403,C140314,조미료,기타조미료세트,가공식품
1734,C,14,1404,C140401,케첩마요네즈,케첩,가공식품
1735,C,14,1404,C140402,케첩마요네즈,마요네즈,가공식품
1736,C,14,1404,C140403,케첩마요네즈,상온드레싱,가공식품
1737,C,14,1404,C140404,케첩마요네즈,양념소스,가공식품
1738,C,14,1404,C140405,케첩마요네즈,국물용소스,가공식품
1739,C,14,1404,C140406,케첩마요네즈,파스타소스,가공식품
1740,C,14,1404,C140407,케첩마요네즈,고기양념장,가공식품
1741,C,14,1405,C140501,감미료,설탕,가공식품
1742,C,14,1405,C140502,감미료,물엿/시럽,가공식품
1743,C,14,1406,C140601,가공분말류,밀가루,가공식품
1744,C,14,1406,C140602,가공분말류,빵가루,가공식품
1745,C,14,1406,C140603,가공분말류,부침가루,가공식품
1746,C,14,1406,C140604,가공분말류,튀김가루,가공식품
1747,C,14,1406,C140605,가공분말류,곡물가루,가공식품
1748,C,14,1406,C140606,가공분말류,기타분말류,가공식품
1749,C,14,1406,C140607,가공분말류,도넛가루/핫케이크가루,가공식품
1750,C,14,1406,C140608,가공분말류,호떡믹스,가공식품
1751,C,14,1406,C140609,가공분말류,빵믹스,가공식품
1752,C,14,1406,C140610,가공분말류,아이스크림믹스,가공식품
1753,C,14,1406,C140611,가공분말류,기타프리믹스,가공식품
1754,C,15,1501,C150101,라면,국물봉지라면,가공식품
1755,C,15,1501,C150102,라면,비빔봉지라면,가공식품
1756,C,15,1501,C150103,라면,국물용기라면,가공식품
1757,C,15,1502,C150201,건면,국수,가공식품
1758,C,15,1502,C150202,건면,당면,가공식품
1759,C,15,1502,C150203,건면,파스타류,가공식품
1760,C,15,1502,C150204,건면,냉면,가공식품
1761,C,15,1502,C150205,건면,쌈/또띠아,가공식품
1762,C,15,1502,C150206,건면,기타건면,가공식품
1763,C,15,1503,C150301,쿠키케이크,크래커,가공식품
1764,C,15,1503,C150302,쿠키케이크,쿠키,가공식품
1765,C,15,1503,C150303,쿠키케이크,샌드,가공식품
1766,C,15,1503,C150304,쿠키케이크,스틱과자,가공식품
1767,C,15,1503,C150305,쿠키케이크,쿠키케이크,가공식품
1768,C,15,1503,C150306,쿠키케이크,파이,가공식품
1769,C,15,1503,C150307,쿠키케이크,과자세트,가공식품
1770,C,15,1504,C150401,스낵,감자스낵,가공식품
1771,C,15,1504,C150402,스낵,고구마스낵,가공식품
1772,C,15,1504,C150403,스낵,옥수수스낵,가공식품
1773,C,15,1504,C150404,스낵,쌀스낵,가공식품
1774,C,15,1504,C150405,스낵,일반스낵,가공식품
1775,C,15,1504,C150406,스낵,영양바,가공식품
1776,C,15,1504,C150407,스낵,팝콘,가공식품
1777,C,15,1505,C150501,캔디껌류,일반껌,가공식품
1778,C,15,1505,C150502,캔디껌류,기능성껌,가공식품
1779,C,15,1505,C150503,캔디껌류,풍선껌,가공식품
1780,C,15,1505,C150504,캔디껌류,하드캔디,가공식품
1781,C,15,1505,C150505,캔디껌류,소프트캔디,가공식품
1782,C,15,1505,C150506,캔디껌류,젤리,가공식품
1783,C,15,1505,C150507,캔디껌류,양갱,가공식품
1784,C,15,1505,C150508,캔디껌류,캐러멜,가공식품
1785,C,15,1505,C150509,캔디껌류,토이캔디,가공식품
1786,C,15,1505,C150510,캔디껌류,기능성캔디,가공식품
1787,C,15,1505,C150511,캔디껌류,사탕/캔디세트,가공식품
1788,C,15,1506,C150601,초콜렛,판초콜릿,가공식품
1789,C,15,1506,C150602,초콜렛,쉘초콜릿,가공식품
1790,C,15,1506,C150603,초콜렛,바초콜릿,가공식품
1791,C,15,1506,C150604,초콜렛,초콜릿세트,가공식품
1792,C,15,1507,C150701,전통과자,기타전통과자,가공식품
1793,C,15,1508,C150801,씨리얼,일반시리얼,가공식품
1794,C,15,1508,C150802,씨리얼,기능성시리얼,가공식품
1795,C,03,0303,C030309,근채류,마늘,농산물
1796,C,03,0303,C030310,근채류,양파,농산물
1797,C,03,0303,C030311,근채류,인삼류,농산물
1798,C,03,0303,C030312,근채류,기타한방약재,농산물
1799,C,03,0303,C030313,근채류,더덕선물세트,농산물
1800,C,03,0303,C030314,근채류,수삼선물세트,농산물
1801,C,03,0303,C030315,근채류,혼합채소선물세트,농산물
1802,C,03,0303,C030316,근채류,한방약재류,농산물
1803,C,03,0304,C030401,두채류,두부류,농산물
1804,C,03,0304,C030402,두채류,연두부류,농산물
1805,C,03,0304,C030403,두채류,묵류,농산물
1806,C,03,0304,C030404,두채류,콩나물,농산물
1807,C,03,0304,C030405,두채류,숙주나물,농산물
1808,C,03,0305,C030501,김치채소류,무,농산물
1809,C,03,0305,C030502,김치채소류,열무,농산물
1810,C,03,0305,C030503,김치채소류,알타리무,농산물
1811,C,03,0305,C030504,김치채소류,갓,농산물
1812,C,03,0305,C030505,김치채소류,배추,농산물
1813,C,03,0305,C030506,김치채소류,봄동,농산물
1814,C,03,0305,C030507,김치채소류,얼갈이,농산물
1815,C,03,0305,C030508,김치채소류,절임배추,농산물
1816,C,03,0306,C030601,버섯류,느타리버섯류,농산물
1817,C,03,0306,C030602,버섯류,새송이버섯류,농산물
1818,C,03,0306,C030603,버섯류,양송이버섯류,농산물
1819,C,03,0306,C030604,버섯류,송이버섯류,농산물
1820,C,03,0306,C030605,버섯류,팽이버섯류,농산물
1821,C,03,0306,C030606,버섯류,표고버섯류,농산물
1822,C,03,0306,C030607,버섯류,건버섯류,농산물
1823,C,03,0306,C030608,버섯류,모둠버섯,농산물
1824,C,03,0306,C030609,버섯류,기타버섯류,농산물
1825,C,03,0306,C030610,버섯류,버섯선물세트,농산물
1826,C,03,0306,C030611,버섯류,약용버섯류,농산물
1827,C,03,0307,C030701,양채류,양배추,농산물
1828,C,03,0307,C030702,양채류,미니양배추,농산물
1829,C,03,0307,C030703,양채류,양상추,농산물
1830,C,03,0307,C030704,양채류,브로콜리,농산물
1831,C,03,0307,C030705,양채류,컬리플라워,농산물
1832,C,03,0307,C030706,양채류,샐러드류,농산물
1833,C,03,0307,C030707,양채류,기타양채류,농산물
1834,C,03,0307,C030708,양채류,원예식물,농산물
1835,C,03,0308,C030801,나물류,생나물류,농산물
1836,C,03,0308,C030802,나물류,삶은나물류,농산물
1837,C,03,0308,C030803,나물류,건나물류,농산물
1838,C,03,0308,C030804,나물류,다시마,농산물
1839,C,03,0308,C030805,나물류,매생이,농산물
1840,C,03,0308,C030806,나물류,미역,농산물
1841,C,03,0308,C030807,나물류,톳,농산물
1842,C,03,0308,C030808,나물류,파래,농산물
1843,C,03,0308,C030809,나물류,기타해초류,농산물
1844,C,03,0309,C030901,계란류,일반계란,육류
1845,C,03,0309,C030902,계란류,가공계란,육류
1846,C,03,0309,C030903,계란류,일반메추리알,육류
1847,C,03,0309,C030904,계란류,가공메추리알,육류
1848,C,04,0401,C040101,선어류,가자미,수산물
1849,C,04,0401,C040102,선어류,갈치,수산물
1850,C,04,0401,C040103,선어류,고등어,수산물
1851,C,04,0401,C040104,선어류,꽁치,수산물
1852,C,04,0401,C040105,선어류,대구,수산물
1853,C,04,0401,C040106,선어류,도미,수산물
1854,C,04,0401,C040107,선어류,명태,수산물
1855,C,04,0401,C040108,선어류,민어,수산물
1856,C,04,0401,C040109,선어류,조기류,수산물
1857,C,04,0401,C040110,선어류,삼치,수산물
1858,C,04,0401,C040111,선어류,아귀,수산물
1859,C,04,0401,C040112,선어류,연어,수산물
1860,C,04,0401,C040113,선어류,우럭,수산물
1861,C,04,0401,C040114,선어류,은어,수산물
1862,C,04,0401,C040115,선어류,임연수,수산물
1863,C,04,0401,C040116,선어류,전어,수산물
1864,C,04,0401,C040117,선어류,장어,수산물
1865,C,04,0401,C040118,선어류,홍어,수산물
1866,C,04,0401,C040119,선어류,생선알,수산물
1867,C,04,0401,C040120,선어류,오징어,수산물
1868,C,04,0401,C040121,선어류,갑오징어,수산물
1869,C,04,0401,C040122,선어류,한치,수산물
1870,C,04,0401,C040123,선어류,광어회,수산물
1871,C,04,0401,C040124,선어류,우럭회,수산물
1872,C,04,0401,C040125,선어류,참치회,수산물
1873,C,04,0401,C040126,선어류,홍어회,수산물
1874,C,04,0401,C040127,선어류,모듬회,수산물
1875,C,04,0402,C040201,선어가공,굴비류,수산물
1876,C,04,0402,C040202,선어가공,과메기,수산물
1877,C,04,0402,C040203,선어가공,코다리,수산물
1878,C,04,0402,C040204,선어가공,반건생선류,수산물
1879,C,04,0402,C040205,선어가공,굴비선물세트,수산물
1880,C,04,0402,C040206,선어가공,반건생선선물세트,수산물
1881,C,04,0402,C040207,선어가공,포장고등어,수산물
1882,C,04,0402,C040208,선어가공,포장연어,수산물
1883,C,04,0402,C040209,선어가공,포장날치알,수산물
1884,C,04,0402,C040210,선어가공,포장새우살,수산물
1885,C,04,0402,C040211,선어가공,포장해물류,수산물
1886,C,04,0402,C040212,선어가공,대구전감,수산물
1887,C,04,0402,C040213,선어가공,명태전감,수산물
1888,C,04,0402,C040214,선어가공,생선선물세트,수산물
1889,C,04,0402,C040215,선어가공,혼합수산선물세트,수산물
1890,C,04,0402,C040216,선어가공,즉석젓갈류,수산물
1891,C,04,0403,C040301,건어류,국물용건멸치,수산물
1892,C,04,0403,C040302,건어류,볶음조림용건멸치,수산물
1893,C,04,0403,C040303,건어류,건새우,수산물
1894,C,04,0403,C040304,건어류,건홍합,수산물
1895,C,04,0403,C040305,건어류,건오징어,수산물
1896,C,04,0403,C040306,건어류,어포류,수산물
1897,C,04,0403,C040307,건어류,황태/북어류,수산물
1898,C,04,0403,C040308,건어류,황태채,수산물
1899,C,04,0403,C040309,건어류,마른김,수산물
1900,C,04,0403,C040310,건어류,건다시마,수산물
1901,C,04,0403,C040311,건어류,건미역,수산물
1902,C,04,0404,C040401,건어가공,조미오징어,수산물
1903,C,04,0404,C040402,건어가공,훈제/구이오징어,수산물
1904,C,04,0404,C040403,건어가공,쥐치포,수산물
1905,C,04,0404,C040404,건어가공,원물천연조미료,수산물
1906,C,04,0404,C040405,건어가공,조미전장김,수산물
1907,C,04,0404,C040406,건어가공,조미도시락김,수산물
1908,C,04,0404,C040407,건어가공,김자반/부각/튀각,수산물
1909,C,04,0404,C040408,건어가공,멸치선물세트,수산물
1910,C,04,0404,C040409,건어가공,김선물세트,수산물
1911,C,04,0404,C040410,건어가공,기타건해산물선물세트,수산물
1912,C,04,0405,C040501,해물류,낙지,수산물
1913,C,04,0405,C040502,해물류,문어,수산물
1914,C,04,0405,C040503,해물류,주꾸미,수산물
1915,C,04,0405,C040504,해물류,해파리,수산물
1916,C,04,0405,C040505,해물류,미더덕류,수산물
1917,C,04,0405,C040506,해물류,멍게,수산물
1918,C,04,0405,C040507,해물류,해삼,수산물
1919,C,04,0405,C040508,해물류,꽃게,수산물
1920,C,04,0405,C040509,해물류,대게,수산물
1921,C,04,0405,C040510,해물류,홍게,수산물
1922,C,04,0405,C040511,해물류,랍스터,수산물
1923,C,04,0405,C040512,해물류,킹크랩,수산물
1924,C,04,0405,C040513,해물류,새우,수산물
1925,C,04,0405,C040514,해물류,개조개,수산물
1926,C,04,0405,C040515,해물류,골뱅이,수산물
1927,C,04,0405,C040516,해물류,굴,수산물
1928,C,04,0405,C040517,해물류,꼬막,수산물
1929,C,04,0405,C040518,해물류,대합,수산물
1930,C,04,0405,C040519,해물류,모시조개,수산물
1931,C,04,0405,C040520,해물류,바지락,수산물
1932,C,04,0405,C040521,해물류,생합,수산물
1933,C,04,0405,C040522,해물류,소라,수산물
1934,C,04,0405,C040523,해물류,재첩,수산물
1935,C,04,0405,C040524,해물류,전복,수산물
1936,C,04,0405,C040525,해물류,키조개,수산물
1937,C,04,0405,C040526,해물류,홍합,수산물
1938,C,04,0405,C040527,해물류,우렁이,수산물
1939,C,04,0406,C040601,기타수산,기타어류,수산물
1940,C,04,0406,C040602,기타수산,기타포장생선,수산물
1941,C,04,0406,C040603,기타수산,기타연체류,수산물
1942,C,04,0406,C040604,기타수산,기타회,수산물
1943,C,04,0406,C040605,기타수산,기타게,수산물
1944,C,04,0406,C040606,기타수산,기타조개류,수산물
1945,C,05,0501,C050101,국내산우육,한우안심,육류
1946,C,05,0501,C050102,국내산우육,한우등심,육류
1947,C,05,0501,C050103,국내산우육,한우채끝,육류
1948,C,05,0501,C050104,국내산우육,한우목심,육류
1949,C,05,0501,C050105,국내산우육,한우앞다리,육류
1950,C,05,0501,C050106,국내산우육,한우우둔,육류
1951,B,73,7302,B730201,냉동HMR,냉동디저트HMR,가공식품
1952,B,73,7302,B730202,냉동HMR,수입냉동식사,가공식품
1953,B,73,7302,B730203,냉동HMR,냉동식사HMR,가공식품
1954,B,73,7302,B730204,냉동HMR,냉동면,가공식품
1955,B,73,7302,B730205,냉동HMR,냉동밥,가공식품
1956,B,73,7303,B730301,냉장간편식HMR,디저트,가공식품
1957,B,73,7303,B730302,냉장간편식HMR,냉장간편식,가공식품
1958,B,73,7303,B730303,냉장간편식HMR,냉장장류,가공식품
1959,B,73,7303,B730304,냉장간편식HMR,온라인냉장반찬HMR,가공식품
1960,B,73,7304,B730401,냉장식사HMR,냉장떡,가공식품
1961,B,73,7304,B730402,냉장식사HMR,냉장면류,가공식품
1962,B,74,7401,B740101,라면,봉지라면,가공식품
1963,B,74,7401,B740102,라면,컵라면,가공식품
1964,B,74,7402,B740201,면류,국수,가공식품
1965,B,74,7402,B740202,면류,당면,가공식품
1966,B,74,7402,B740203,면류,수입면류,가공식품
1967,B,74,7402,B740204,면류,숙면,가공식품
1968,B,74,7403,B740301,간편요리,3분요리류,가공식품
1969,B,74,7403,B740302,간편요리,분말조리식,가공식품
1970,B,74,7404,B740401,밥죽류,즉석 죽/스프/누룽지,가공식품
1971,B,74,7404,B740402,밥죽류,즉석밥류,가공식품
1972,B,74,7404,B740403,밥죽류,컵밥류,가공식품
1973,B,74,7405,B740501,브랜드빵,식빵,가공식품
1974,B,74,7405,B740502,브랜드빵,일반빵,가공식품
1975,B,74,7405,B740503,브랜드빵,찐빵,가공식품
1976,B,74,7406,B740601,시리얼,어린이시리얼,가공식품
1977,B,74,7406,B740602,시리얼,온라인시리얼,가공식품
1978,B,74,7406,B740603,시리얼,일반시리얼,가공식품
1979,B,74,7406,B740604,시리얼,체중조절용시리얼,가공식품
1980,B,75,7501,B750101,비타민,단일비타민,가공식품
1981,B,75,7501,B750102,비타민,발포비타민,가공식품
1982,B,75,7501,B750103,비타민,종합비타민,가공식품
1983,B,75,7502,B750201,기능성건강,기타기능건강,가공식품
1984,B,75,7502,B750202,기능성건강,뼈건강,가공식품
1985,B,75,7502,B750203,기능성건강,온라인기능성건강,가공식품
1986,B,75,7502,B750204,기능성건강,프로바이틱스,가공식품
1987,B,75,7502,B750205,기능성건강,헬스건강,가공식품
1988,B,75,7502,B750206,기능성건강,혈행개선,가공식품
1989,B,75,7503,B750301,홍인삼,전통건강식품,가공식품
1990,B,75,7503,B750302,홍인삼,홍삼농축액,가공식품
1991,B,75,7503,B750303,홍인삼,홍삼즙,가공식품
1992,B,75,7503,B750304,홍인삼,홍삼첨가식품,가공식품
1993,B,75,7504,B750401,담배,국산담배,주류
1994,B,75,7504,B750402,담배,수입담배,주류
1995,B,75,7505,B750501,건강선물세트,건강기능성선물세트,가공식품
1996,B,75,7505,B750502,건강선물세트,홍삼선물세트,가공식품
1997,B,76,7601,B760101,수입연어,수입생물연어,수산물
1998,B,76,7601,B760102,수입연어,수입냉동연어,수산물
1999,B,76,7602,B760201,수입고등어,수입냉동고등어,수산물
2000,B,76,7602,B760202,수입고등어,수입고등어자반,수산물
2001,B,76,7603,B760301,수입갈치,수입냉동갈치,수산물
2002,B,76,7604,B760401,수입게,랍스터,수산물
2003,B,76,7604,B760402,수입게,킹크랩,수산물
2004,B,76,7604,B760403,수입게,대게,수산물
2005,B,76,7604,B760404,수입게,수입기타게,수산물
2006,B,76,7605,B760501,수입기타생선,수입꽁치,수산물
2007,B,76,7605,B760502,수입기타생선,수입가자미,수산물
2008,B,76,7605,B760503,수입기타생선,수입임연수어,수산물
2009,B,76,7605,B760504,수입기타생선,수입명태,수산물
2010,B,76,7605,B760505,수입기타생선,수입구색생선,수산물
2011,B,77,7701,B770101,냉동규격생선,냉동규격전감,수산물
2012,B,77,7701,B770102,냉동규격생선,냉동기타규격생선,수산물
2013,B,77,7701,B770103,냉동규격생선,냉동규격연어,수산물
2014,B,77,7702,B770201,냉동규격해물,냉동규격연체류,수산물
2015,B,77,7702,B770202,냉동규격해물,냉동규격날치알,수산물
2016,B,77,7702,B770203,냉동규격해물,냉동규격새우,수산물
2017,B,77,7702,B770204,냉동규격해물,냉동규격패류,수산물
2018,B,77,7703,B770301,규격생선선물세트,규격갈치선물세트,수산물
2019,B,77,7703,B770302,규격생선선물세트,규격옥돔선물세트,수산물
2020,B,77,7703,B770303,규격생선선물세트,규격고등어선물세트,수산물
2021,B,77,7703,B770304,규격생선선물세트,규격기타생선선물세트,수산물
2022,B,77,7704,B770401,냉장규격생선,냉장규격연어,수산물
2023,B,77,7704,B770402,냉장규격생선,냉장규격고등어,수산물
2024,B,77,7704,B770403,냉장규격생선,냉장규격기타생선,수산물
2025,B,77,7705,B770501,온라인규격/간편조리생선,온라인규격생선,수산물
2026,B,77,7706,B770601,규격RTC,찌개/탕(냉장),수산물
2027,B,77,7706,B770602,규격RTC,볶음류(냉장),수산물
2028,B,77,7706,B770603,규격RTC,규격소스류,수산물
2029,B,77,7707,B770701,간편조리행사,즉석탕행사,수산물
2030,B,77,7707,B770702,간편조리행사,즉석볶음행사,수산물
2031,B,78,7801,B780101,굴비,국산굴비,수산물
2032,B,78,7801,B780102,굴비,수입굴비,수산물
2033,B,78,7802,B780201,반건생선,과메기,수산물
2034,B,78,7802,B780202,반건생선,기타반건생선,수산물
2035,B,78,7802,B780203,반건생선,반건가자미,수산물
2036,B,78,7802,B780204,반건생선,반건갈치,수산물
2037,B,78,7802,B780205,반건생선,반건고등어,수산물
2038,B,78,7802,B780206,반건생선,반건오징어,수산물
2039,B,78,7802,B780207,반건생선,반건임연수어,수산물
2040,B,78,7802,B780208,반건생선,반건제수생선,수산물
2041,B,78,7802,B780209,반건생선,코다리,수산물
2042,B,78,7803,B780301,굴비/반건생선선물세트,굴비세트,수산물
2043,B,79,7901,B790101,해초,기타해초류,수산물
2044,B,79,7901,B790102,해초,다시마,수산물
2045,B,79,7901,B790103,해초,매생이,수산물
2046,B,79,7901,B790104,해초,미역,수산물
2047,B,79,7901,B790105,해초,톳,수산물
2048,B,79,7901,B790106,해초,파래,수산물
2049,B,79,7901,B790107,해초,포장해초류,수산물
2050,B,79,7902,B790201,조개,개조개,수산물
2051,B,79,7902,B790202,조개,골뱅이,수산물
2052,B,79,7902,B790203,조개,기타조개,수산물
2053,B,79,7902,B790204,조개,꼬막,수산물
2054,B,79,7902,B790205,조개,모시조개,수산물
2055,B,79,7902,B790206,조개,바지락,수산물
2056,B,79,7902,B790207,조개,생합,수산물
2057,B,79,7902,B790208,조개,석화,수산물
2058,B,79,7902,B790209,조개,소라,수산물
2059,B,79,7902,B790210,조개,전복,수산물
2060,B,79,7902,B790211,조개,키조개,수산물
2061,B,79,7902,B790212,조개,피홍합,수산물
2062,B,79,7903,B790301,조개살,곤이,수산물
2063,B,79,7903,B790302,조개살,관자살,수산물
2064,B,79,7903,B790303,조개살,기타조개살,수산물
2065,B,79,7903,B790304,조개살,논우렁살,수산물
2066,B,79,7903,B790305,조개살,멍게,수산물
2067,B,79,7903,B790306,조개살,명태알,수산물
2068,B,79,7903,B790307,조개살,미더덕,수산물
2069,B,79,7903,B790308,조개살,바지락살,수산물
2070,B,79,7903,B790309,조개살,새우살,수산물
2071,B,79,7903,B790310,조개살,생굴,수산물
2072,B,79,7903,B790311,조개살,오만둥이,수산물
2073,B,79,7903,B790312,조개살,해삼,수산물
2074,B,79,7903,B790313,조개살,홍합살,수산물
2075,B,79,7904,B790401,연체,갑오징어,수산물
2076,B,79,7904,B790402,연체,기타연체류,수산물
2077,B,79,7904,B790403,연체,낙지,수산물
2078,B,79,7904,B790404,연체,문어,수산물
2079,B,79,7904,B790405,연체,주꾸미,수산물
2080,B,79,7904,B790406,연체,해파리,수산물
2081,B,79,7905,B790501,새우,기타새우,수산물
2082,B,79,7905,B790502,새우,블랙타이거,수산물
2083,B,79,7905,B790503,새우,흰다리새우,수산물
2084,B,79,7906,B790601,해물선물세트,기타해물선물세트,수산물
2085,B,79,7906,B790602,해물선물세트,전복선물세트,수산물
2086,B,79,7907,B790701,온라인해물연체,온라인해물연체류,수산물
2087,B,80,8001,B800101,특산물행사,김특산물,수산물
2088,B,80,8001,B800102,특산물행사,멸치특산물,수산물
2089,B,80,8001,B800103,특산물행사,미역특산물,수산물
2090,B,80,8002,B800201,멸치,국물용멸치,수산물
2091,B,80,8002,B800202,멸치,볶음용멸치,수산물
2092,B,80,8002,B800203,멸치,볶음조림용멸치,수산물
2093,B,80,8002,B800204,멸치,새우홍합,수산물
2094,B,80,8003,B800301,천연조미료,국물팩,수산물
